Date,Volume (in Million)
05-02-2020,758.03
04-02-2020,560.43
03-02-2020,669.82
01-02-2020,537.63
31-01-2020,771.28
30-01-2020,538.14
29-01-2020,514.36
28-01-2020,478.48
27-01-2020,441.16
24-01-2020,593.24
23-01-2020,867.65
22-01-2020,526.3
21-01-2020,443.98
20-01-2020,491.61
17-01-2020,502.06
16-01-2020,395.67
15-01-2020,684.35
14-01-2020,616.26
13-01-2020,500.97
10-01-2020,660.63
09-01-2020,477.47
08-01-2020,445.99
07-01-2020,447.82
06-01-2020,396.5
03-01-2020,428.77
02-01-2020,407.7
01-01-2020,304.08
31-12-2019,426.93
30-12-2019,411.08
27-12-2019,383.79
26-12-2019,520.33
24-12-2019,470.29
23-12-2019,604.78
20-12-2019,810.68
19-12-2019,623.05
18-12-2019,518.86
17-12-2019,499.59
16-12-2019,437.7
13-12-2019,597.71
12-12-2019,752.62
11-12-2019,997.65
10-12-2019,650.22
09-12-2019,599.12
06-12-2019,609.22
05-12-2019,562.23
04-12-2019,747.19
03-12-2019,605.79
02-12-2019,720.95
29-11-2019,804.43
28-11-2019,620.48
27-11-2019,584.23
26-11-2019,1200.0
25-11-2019,534.29
22-11-2019,486.82
21-11-2019,557.69
20-11-2019,646.66
19-11-2019,613.91
18-11-2019,514.35
15-11-2019,580.15
14-11-2019,559.49
13-11-2019,659.04
11-11-2019,548.98
08-11-2019,789.25
07-11-2019,562.96
06-11-2019,603.35
05-11-2019,631.95
04-11-2019,823.05
01-11-2019,855.34
31-10-2019,1410.0
30-10-2019,725.22
29-10-2019,951.72
27-10-2019,161.78
25-10-2019,812.03
24-10-2019,700.48
23-10-2019,664.16
22-10-2019,867.6
18-10-2019,853.44
17-10-2019,797.57
16-10-2019,533.47
15-10-2019,527.4
14-10-2019,587.58
11-10-2019,737.8
10-10-2019,562.02
09-10-2019,741.15
07-10-2019,733.2
04-10-2019,928.52
03-10-2019,1020.0
01-10-2019,1310.0
30-09-2019,756.85
27-09-2019,650.02
26-09-2019,844.47
25-09-2019,629.05
24-09-2019,651.72
23-09-2019,882.83
20-09-2019,1360.0
19-09-2019,642.6
18-09-2019,519.16
17-09-2019,482.01
16-09-2019,434.45
13-09-2019,624.31
12-09-2019,551.44
11-09-2019,687.14
09-09-2019,412.47
06-09-2019,497.21
05-09-2019,595.7
04-09-2019,508.78
03-09-2019,483.04
30-08-2019,628.15
29-08-2019,649.88
28-08-2019,549.96
27-08-2019,685.55
26-08-2019,684.14
23-08-2019,667.08
22-08-2019,668.19
21-08-2019,557.87
20-08-2019,444.72
19-08-2019,369.49
16-08-2019,470.91
14-08-2019,511.54
13-08-2019,624.64
09-08-2019,538.06
08-08-2019,482.47
07-08-2019,548.47
06-08-2019,517.89
05-08-2019,506.56
02-08-2019,547.42
01-08-2019,499.92
31-07-2019,536.69
30-07-2019,479.06
29-07-2019,482.86
26-07-2019,522.67
25-07-2019,553.68
24-07-2019,413.2
23-07-2019,458.93
22-07-2019,516.04
19-07-2019,446.05
18-07-2019,498.26
17-07-2019,464.83
16-07-2019,480.16
15-07-2019,368.79
12-07-2019,359.42
11-07-2019,317.26
10-07-2019,337.57
09-07-2019,442.52
08-07-2019,464.03
05-07-2019,530.72
04-07-2019,333.6
03-07-2019,340.53
02-07-2019,363.2
01-07-2019,278.42
28-06-2019,303.89
27-06-2019,480.17
26-06-2019,327.88
25-06-2019,300.48
24-06-2019,277.62
21-06-2019,468.43
20-06-2019,442.02
19-06-2019,446.93
18-06-2019,365.53
17-06-2019,295.53
14-06-2019,390.3
13-06-2019,447.9
12-06-2019,283.72
11-06-2019,332.18
10-06-2019,303.33
07-06-2019,302.46
06-06-2019,415.21
04-06-2019,289.22
03-06-2019,315.3
31-05-2019,438.88
30-05-2019,421.2
29-05-2019,318.07
28-05-2019,598.31
27-05-2019,348.36
24-05-2019,374.64
23-05-2019,569.03
22-05-2019,355.87
21-05-2019,381.04
20-05-2019,452.1
17-05-2019,412.11
16-05-2019,350.74
15-05-2019,414.17
14-05-2019,398.12
13-05-2019,357.59
10-05-2019,387.32
09-05-2019,373.03
08-05-2019,372.83
07-05-2019,337.5
06-05-2019,299.05
03-05-2019,305.52
02-05-2019,380.28
30-04-2019,532.63
26-04-2019,333.48
25-04-2019,604.36
24-04-2019,335.2
23-04-2019,272.54
22-04-2019,260.36
18-04-2019,339.65
16-04-2019,354.32
15-04-2019,290.0
12-04-2019,246.01
11-04-2019,279.78
10-04-2019,359.94
09-04-2019,300.47
08-04-2019,260.93
05-04-2019,266.67
04-04-2019,349.03
03-04-2019,365.76
02-04-2019,386.13
01-04-2019,379.57
29-03-2019,416.28
28-03-2019,527.68
27-03-2019,350.45
26-03-2019,282.58
25-03-2019,294.46
22-03-2019,386.19
20-03-2019,366.3
19-03-2019,326.1
18-03-2019,320.25
15-03-2019,463.7
14-03-2019,294.48
13-03-2019,383.0
12-03-2019,391.31
11-03-2019,352.24
08-03-2019,326.57
07-03-2019,321.21
06-03-2019,372.55
05-03-2019,373.22
01-03-2019,308.53
28-02-2019,644.16
27-02-2019,381.08
26-02-2019,414.95
25-02-2019,385.9
22-02-2019,396.85
21-02-2019,279.58
20-02-2019,289.2
19-02-2019,291.51
18-02-2019,345.44
15-02-2019,521.88
14-02-2019,627.04
13-02-2019,321.96
12-02-2019,292.32
11-02-2019,285.98
08-02-2019,352.79
07-02-2019,263.54
06-02-2019,298.51
05-02-2019,268.1
04-02-2019,318.3
01-02-2019,482.27
31-01-2019,604.82
30-01-2019,410.11
29-01-2019,356.91
28-01-2019,419.68
25-01-2019,463.44
24-01-2019,361.08
23-01-2019,298.88
22-01-2019,300.77
21-01-2019,288.83
18-01-2019,323.81
17-01-2019,271.68
16-01-2019,276.54
15-01-2019,310.74
14-01-2019,298.77
11-01-2019,260.79
10-01-2019,254.36
09-01-2019,333.01
08-01-2019,277.7
07-01-2019,269.37
04-01-2019,296.6
03-01-2019,286.24
02-01-2019,309.67
01-01-2019,159.4
31-12-2018,186.5
28-12-2018,253.09
27-12-2018,470.16
26-12-2018,271.94
24-12-2018,230.29
21-12-2018,389.24
20-12-2018,328.8
19-12-2018,321.8
18-12-2018,294.94
17-12-2018,306.15
14-12-2018,350.58
13-12-2018,387.81
12-12-2018,371.7
11-12-2018,438.7
10-12-2018,393.1
07-12-2018,335.85
06-12-2018,328.28
05-12-2018,322.02
04-12-2018,332.14
03-12-2018,422.36
30-11-2018,467.86
29-11-2018,712.65
28-11-2018,437.63
27-11-2018,382.83
26-11-2018,332.86
22-11-2018,246.93
21-11-2018,310.19
20-11-2018,304.32
19-11-2018,280.52
16-11-2018,353.38
15-11-2018,306.01
14-11-2018,396.37
13-11-2018,262.54
12-11-2018,267.71
09-11-2018,305.82
07-11-2018,2.83
06-11-2018,309.88
05-11-2018,311.18
02-11-2018,434.18
01-11-2018,359.34
31-10-2018,386.62
30-10-2018,298.75
29-10-2018,375.75
26-10-2018,375.56
25-10-2018,522.42
24-10-2018,362.27
23-10-2018,312.04
22-10-2018,306.47
19-10-2018,368.55
17-10-2018,293.59
16-10-2018,273.44
15-10-2018,267.52
12-10-2018,354.06
11-10-2018,498.51
10-10-2018,373.84
09-10-2018,443.8
08-10-2018,470.28
05-10-2018,625.15
04-10-2018,438.2
03-10-2018,398.76
01-10-2018,398.99
28-09-2018,492.89
27-09-2018,418.21
26-09-2018,351.04
25-09-2018,417.55
24-09-2018,398.82
21-09-2018,741.15
19-09-2018,258.42
18-09-2018,248.3
17-09-2018,207.62
14-09-2018,285.22
12-09-2018,276.51
11-09-2018,318.09
10-09-2018,295.6
07-09-2018,305.03
06-09-2018,255.56
05-09-2018,253.69
04-09-2018,262.7
03-09-2018,241.73
31-08-2018,357.23
30-08-2018,323.45
29-08-2018,259.35
28-08-2018,249.42
27-08-2018,205.69
24-08-2018,225.6
23-08-2018,256.16
21-08-2018,231.06
20-08-2018,239.84
17-08-2018,241.99
16-08-2018,299.61
14-08-2018,239.84
13-08-2018,254.47
10-08-2018,336.42
09-08-2018,311.52
08-08-2018,217.05
07-08-2018,233.41
06-08-2018,210.0
03-08-2018,225.15
02-08-2018,216.53
01-08-2018,278.01
31-07-2018,264.43
30-07-2018,287.44
27-07-2018,324.34
26-07-2018,376.66
25-07-2018,212.33
24-07-2018,212.25
23-07-2018,236.15
20-07-2018,193.14
19-07-2018,222.06
18-07-2018,232.5
17-07-2018,217.11
16-07-2018,216.97
13-07-2018,241.67
12-07-2018,256.04
11-07-2018,229.21
10-07-2018,203.06
09-07-2018,189.33
06-07-2018,256.55
05-07-2018,227.27
04-07-2018,179.27
03-07-2018,208.37
02-07-2018,304.54
29-06-2018,250.33
28-06-2018,363.16
27-06-2018,253.62
26-06-2018,226.85
25-06-2018,236.69
22-06-2018,236.9
21-06-2018,230.51
20-06-2018,199.47
19-06-2018,231.38
18-06-2018,202.73
15-06-2018,314.76
14-06-2018,190.03
13-06-2018,220.0
12-06-2018,204.42
11-06-2018,217.85
08-06-2018,215.94
07-06-2018,227.66
06-06-2018,195.76
05-06-2018,172.9
04-06-2018,210.15
01-06-2018,227.36
31-05-2018,629.2
30-05-2018,246.12
29-05-2018,232.76
28-05-2018,239.79
25-05-2018,268.92
24-05-2018,306.79
23-05-2018,299.92
22-05-2018,249.24
21-05-2018,197.29
18-05-2018,229.91
17-05-2018,220.74
16-05-2018,238.22
15-05-2018,262.2
14-05-2018,176.7
11-05-2018,209.39
10-05-2018,197.99
09-05-2018,222.12
08-05-2018,278.12
07-05-2018,173.62
04-05-2018,192.3
03-05-2018,190.87
02-05-2018,236.76
30-04-2018,179.16
27-04-2018,306.67
26-04-2018,345.54
25-04-2018,195.13
24-04-2018,225.97
23-04-2018,200.2
20-04-2018,252.23
19-04-2018,270.74
18-04-2018,211.82
17-04-2018,212.45
16-04-2018,200.95
13-04-2018,219.72
12-04-2018,246.03
11-04-2018,258.08
10-04-2018,259.52
09-04-2018,228.51
06-04-2018,206.36
05-04-2018,244.12
04-04-2018,238.18
03-04-2018,211.65
02-04-2018,232.43
28-03-2018,354.98
27-03-2018,232.71
26-03-2018,270.66
23-03-2018,294.52
22-03-2018,237.63
21-03-2018,211.06
20-03-2018,209.33
19-03-2018,216.67
16-03-2018,338.7
15-03-2018,179.31
14-03-2018,186.99
13-03-2018,274.85
12-03-2018,223.14
09-03-2018,192.33
08-03-2018,233.38
07-03-2018,257.2
06-03-2018,229.78
05-03-2018,199.98
01-03-2018,181.38
28-02-2018,294.79
27-02-2018,193.25
26-02-2018,177.24
23-02-2018,217.13
22-02-2018,323.26
21-02-2018,241.33
20-02-2018,193.46
19-02-2018,193.09
16-02-2018,190.04
15-02-2018,217.09
14-02-2018,236.33
12-02-2018,224.12
09-02-2018,197.5
08-02-2018,239.41
07-02-2018,258.1
06-02-2018,274.66
05-02-2018,247.48
02-02-2018,291.43
01-02-2018,315.74
31-01-2018,253.46
30-01-2018,234.97
29-01-2018,249.22
25-01-2018,340.47
24-01-2018,292.2
23-01-2018,293.45
22-01-2018,238.82
19-01-2018,214.01
18-01-2018,321.61
17-01-2018,260.49
16-01-2018,217.47
15-01-2018,181.26
12-01-2018,180.59
11-01-2018,158.63
10-01-2018,181.9
09-01-2018,211.29
08-01-2018,174.18
05-01-2018,186.47
04-01-2018,180.26
03-01-2018,172.52
02-01-2018,158.09
01-01-2018,134.53
29-12-2017,156.74
28-12-2017,281.31
27-12-2017,170.31
26-12-2017,160.42
22-12-2017,143.12
21-12-2017,156.65
20-12-2017,180.6
19-12-2017,174.34
18-12-2017,237.51
15-12-2017,262.98
14-12-2017,159.1
13-12-2017,187.19
12-12-2017,180.55
11-12-2017,152.04
08-12-2017,206.23
07-12-2017,171.34
06-12-2017,171.21
05-12-2017,160.25
04-12-2017,153.24
01-12-2017,147.77
30-11-2017,353.1
29-11-2017,157.19
28-11-2017,202.05
27-11-2017,146.28
24-11-2017,133.18
23-11-2017,157.65
22-11-2017,162.5
21-11-2017,191.86
20-11-2017,151.75
17-11-2017,209.59
16-11-2017,188.18
15-11-2017,213.84
14-11-2017,314.41
13-11-2017,216.8
10-11-2017,287.96
09-11-2017,247.61
08-11-2017,282.95
07-11-2017,295.83
06-11-2017,199.56
03-11-2017,206.1
02-11-2017,207.74
01-11-2017,268.27
31-10-2017,239.81
30-10-2017,244.19
27-10-2017,322.41
26-10-2017,443.04
25-10-2017,612.62
24-10-2017,223.91
23-10-2017,224.8
19-10-2017,31.09
18-10-2017,262.11
17-10-2017,201.78
16-10-2017,209.33
13-10-2017,237.23
12-10-2017,207.11
11-10-2017,195.59
10-10-2017,153.25
09-10-2017,148.4
06-10-2017,201.86
05-10-2017,152.36
04-10-2017,160.99
03-10-2017,167.83
29-09-2017,202.35
28-09-2017,396.88
27-09-2017,206.31
26-09-2017,196.79
25-09-2017,228.21
22-09-2017,233.62
21-09-2017,197.71
20-09-2017,205.6
19-09-2017,193.35
18-09-2017,160.85
15-09-2017,274.8
14-09-2017,232.64
13-09-2017,221.61
12-09-2017,188.25
11-09-2017,178.41
08-09-2017,168.7
07-09-2017,194.63
06-09-2017,153.77
05-09-2017,143.52
04-09-2017,153.37
01-09-2017,162.73
31-08-2017,337.78
30-08-2017,162.7
29-08-2017,178.67
28-08-2017,164.49
24-08-2017,190.4
23-08-2017,173.82
22-08-2017,189.27
21-08-2017,211.63
18-08-2017,253.93
17-08-2017,203.65
16-08-2017,226.27
14-08-2017,201.61
11-08-2017,294.73
10-08-2017,242.82
09-08-2017,174.4
08-08-2017,209.64
07-08-2017,141.57
04-08-2017,184.08
03-08-2017,198.67
02-08-2017,166.46
01-08-2017,190.0
31-07-2017,245.1
28-07-2017,197.49
27-07-2017,296.78
26-07-2017,203.7
25-07-2017,191.21
24-07-2017,179.91
21-07-2017,193.29
20-07-2017,166.08
19-07-2017,206.38
18-07-2017,303.01
17-07-2017,168.6
14-07-2017,164.46
13-07-2017,186.87
12-07-2017,150.05
11-07-2017,185.32
10-07-2017,38.75
07-07-2017,146.23
06-07-2017,152.0
05-07-2017,134.85
04-07-2017,149.31
03-07-2017,188.69
30-06-2017,185.2
29-06-2017,267.28
28-06-2017,177.65
27-06-2017,209.59
23-06-2017,180.58
22-06-2017,204.89
21-06-2017,148.49
20-06-2017,164.44
19-06-2017,146.15
16-06-2017,219.81
15-06-2017,176.42
14-06-2017,187.38
13-06-2017,133.73
12-06-2017,145.79
09-06-2017,163.9
08-06-2017,160.16
07-06-2017,165.67
06-06-2017,150.38
05-06-2017,131.69
02-06-2017,167.2
01-06-2017,181.53
31-05-2017,427.05
30-05-2017,199.89
29-05-2017,242.27
26-05-2017,225.65
25-05-2017,298.15
24-05-2017,218.26
23-05-2017,231.35
22-05-2017,202.88
19-05-2017,259.86
18-05-2017,199.34
17-05-2017,211.86
16-05-2017,171.71
15-05-2017,145.16
12-05-2017,159.08
11-05-2017,176.44
10-05-2017,157.36
09-05-2017,136.42
08-05-2017,179.71
05-05-2017,239.13
04-05-2017,277.9
03-05-2017,156.34
02-05-2017,166.56
28-04-2017,167.23
27-04-2017,215.88
26-04-2017,191.4
25-04-2017,173.9
24-04-2017,172.91
21-04-2017,159.98
20-04-2017,175.63
19-04-2017,179.12
18-04-2017,179.57
17-04-2017,132.24
13-04-2017,171.7
12-04-2017,166.76
11-04-2017,206.26
10-04-2017,139.97
07-04-2017,195.92
06-04-2017,191.94
05-04-2017,190.53
03-04-2017,143.44
31-03-2017,196.77
30-03-2017,333.41
29-03-2017,250.9
28-03-2017,188.99
27-03-2017,209.04
24-03-2017,210.02
23-03-2017,197.7
22-03-2017,239.46
21-03-2017,255.4
20-03-2017,342.4
17-03-2017,295.55
16-03-2017,215.1
15-03-2017,248.03
14-03-2017,278.73
10-03-2017,157.42
09-03-2017,176.81
08-03-2017,183.33
07-03-2017,178.83
06-03-2017,180.2
03-03-2017,208.92
02-03-2017,225.61
01-03-2017,212.33
28-02-2017,302.72
27-02-2017,195.85
23-02-2017,388.87
22-02-2017,254.68
21-02-2017,181.09
20-02-2017,173.02
17-02-2017,307.53
16-02-2017,190.28
15-02-2017,222.83
14-02-2017,194.13
13-02-2017,211.18
10-02-2017,232.95
09-02-2017,193.28
08-02-2017,225.49
07-02-2017,233.3
06-02-2017,200.4
03-02-2017,196.94
02-02-2017,292.33
01-02-2017,337.8
31-01-2017,537.11
30-01-2017,314.11
27-01-2017,283.91
25-01-2017,301.49
24-01-2017,184.75
23-01-2017,200.99
20-01-2017,208.9
19-01-2017,170.96
18-01-2017,168.87
17-01-2017,125.78
16-01-2017,127.94
13-01-2017,190.95
12-01-2017,177.95
11-01-2017,192.28
10-01-2017,147.31
09-01-2017,102.21
06-01-2017,143.69
05-01-2017,163.96
04-01-2017,136.48
03-01-2017,131.19
02-01-2017,122.02
30-12-2016,131.46
29-12-2016,183.98
28-12-2016,130.58
27-12-2016,122.46
26-12-2016,110.17
23-12-2016,127.92
22-12-2016,126.41
21-12-2016,127.54
20-12-2016,132.03
19-12-2016,110.67
16-12-2016,209.27
15-12-2016,187.43
14-12-2016,149.13
13-12-2016,189.74
12-12-2016,111.43
09-12-2016,154.34
08-12-2016,146.86
07-12-2016,175.02
06-12-2016,118.85
05-12-2016,130.44
02-12-2016,176.77
01-12-2016,162.6
30-11-2016,255.72
29-11-2016,195.62
28-11-2016,195.6
25-11-2016,183.36
24-11-2016,268.62
23-11-2016,186.6
22-11-2016,216.68
21-11-2016,225.61
18-11-2016,166.2
17-11-2016,197.18
16-11-2016,277.8
15-11-2016,370.3
11-11-2016,275.22
10-11-2016,271.2
09-11-2016,323.97
08-11-2016,201.76
07-11-2016,178.07
04-11-2016,231.78
03-11-2016,175.77
02-11-2016,160.13
01-11-2016,170.07
30-10-2016,166.11
28-10-2016,180.91
27-10-2016,250.34
26-10-2016,226.13
25-10-2016,195.7
24-10-2016,161.97
21-10-2016,162.16
20-10-2016,165.95
19-10-2016,177.4
18-10-2016,216.63
17-10-2016,203.52
14-10-2016,167.85
13-10-2016,218.86
10-10-2016,111.79
07-10-2016,155.05
06-10-2016,168.71
05-10-2016,162.1
04-10-2016,189.99
03-10-2016,141.47
30-09-2016,187.33
29-09-2016,384.4
28-09-2016,170.64
27-09-2016,156.1
26-09-2016,169.05
23-09-2016,191.62
22-09-2016,178.14
21-09-2016,153.44
20-09-2016,140.72
19-09-2016,135.81
16-09-2016,274.04
15-09-2016,149.89
14-09-2016,189.98
12-09-2016,190.2
09-09-2016,181.34
08-09-2016,223.94
07-09-2016,299.15
06-09-2016,201.62
02-09-2016,197.38
01-09-2016,246.34
31-08-2016,373.42
30-08-2016,154.83
29-08-2016,133.72
26-08-2016,152.15
25-08-2016,219.74
24-08-2016,154.17
23-08-2016,193.3
22-08-2016,156.98
19-08-2016,197.77
18-08-2016,169.43
17-08-2016,179.54
16-08-2016,231.77
12-08-2016,272.01
11-08-2016,195.12
10-08-2016,178.96
09-08-2016,206.26
08-08-2016,177.88
05-08-2016,162.78
04-08-2016,169.78
03-08-2016,168.03
02-08-2016,174.56
01-08-2016,194.19
29-07-2016,161.94
28-07-2016,240.72
27-07-2016,189.8
26-07-2016,159.56
25-07-2016,154.63
22-07-2016,147.62
21-07-2016,154.58
20-07-2016,165.35
19-07-2016,173.05
18-07-2016,169.4
15-07-2016,228.6
14-07-2016,158.74
13-07-2016,201.49
12-07-2016,189.34
11-07-2016,154.4
08-07-2016,142.16
07-07-2016,160.33
05-07-2016,143.25
04-07-2016,158.96
01-07-2016,170.58
30-06-2016,288.03
29-06-2016,151.5
28-06-2016,175.72
27-06-2016,167.46
24-06-2016,306.8
23-06-2016,158.85
22-06-2016,140.27
21-06-2016,141.16
20-06-2016,173.75
17-06-2016,171.84
16-06-2016,195.03
15-06-2016,174.95
14-06-2016,150.04
13-06-2016,174.92
10-06-2016,187.76
09-06-2016,180.29
08-06-2016,179.71
07-06-2016,249.37
06-06-2016,176.88
03-06-2016,390.65
02-06-2016,187.32
01-06-2016,200.37
31-05-2016,485.65
30-05-2016,255.09
27-05-2016,268.96
26-05-2016,272.46
25-05-2016,181.64
24-05-2016,151.54
23-05-2016,177.35
20-05-2016,161.89
19-05-2016,175.71
18-05-2016,161.17
17-05-2016,189.14
16-05-2016,211.55
13-05-2016,185.06
12-05-2016,157.44
11-05-2016,220.71
10-05-2016,166.96
09-05-2016,165.62
06-05-2016,168.66
05-05-2016,190.79
04-05-2016,205.94
03-05-2016,192.27
02-05-2016,150.82
29-04-2016,251.23
28-04-2016,301.48
27-04-2016,213.17
26-04-2016,208.66
25-04-2016,150.78
22-04-2016,188.99
21-04-2016,230.58
20-04-2016,211.63
18-04-2016,190.26
13-04-2016,227.22
12-04-2016,168.51
11-04-2016,185.35
08-04-2016,147.82
07-04-2016,241.68
06-04-2016,170.65
05-04-2016,210.13
04-04-2016,160.28
01-04-2016,189.57
31-03-2016,391.91
30-03-2016,239.84
29-03-2016,223.49
28-03-2016,249.9
23-03-2016,205.8
22-03-2016,215.36
21-03-2016,202.85
18-03-2016,244.73
17-03-2016,247.04
16-03-2016,201.43
15-03-2016,199.65
14-03-2016,172.07
11-03-2016,204.81
10-03-2016,231.58
09-03-2016,252.71
08-03-2016,264.94
04-03-2016,290.44
03-03-2016,287.25
02-03-2016,348.97
01-03-2016,283.56
29-02-2016,487.97
26-02-2016,213.14
25-02-2016,291.93
24-02-2016,205.9
23-02-2016,200.4
22-02-2016,159.16
19-02-2016,198.21
18-02-2016,254.33
17-02-2016,268.02
16-02-2016,261.61
15-02-2016,365.22
12-02-2016,344.21
11-02-2016,301.3
10-02-2016,254.48
09-02-2016,218.73
08-02-2016,176.76
05-02-2016,257.52
04-02-2016,229.56
03-02-2016,197.86
02-02-2016,237.34
01-02-2016,206.64
29-01-2016,307.93
28-01-2016,283.04
27-01-2016,193.39
25-01-2016,168.2
22-01-2016,236.28
21-01-2016,248.11
20-01-2016,232.61
19-01-2016,194.07
18-01-2016,240.8
15-01-2016,203.64
14-01-2016,206.99
13-01-2016,221.91
12-01-2016,168.98
11-01-2016,194.84
08-01-2016,162.35
07-01-2016,194.73
06-01-2016,151.72
05-01-2016,149.67
04-01-2016,138.86
01-01-2016,64.84
31-12-2015,155.64
30-12-2015,110.15
29-12-2015,116.54
28-12-2015,126.74
24-12-2015,96.37
23-12-2015,121.48
22-12-2015,129.63
21-12-2015,130.17
18-12-2015,197.32
17-12-2015,181.26
16-12-2015,159.15
15-12-2015,138.48
14-12-2015,153.49
11-12-2015,173.0
10-12-2015,145.25
09-12-2015,144.32
08-12-2015,139.32
07-12-2015,141.89
04-12-2015,157.23
03-12-2015,129.63
02-12-2015,130.21
01-12-2015,142.94
30-11-2015,223.04
27-11-2015,154.86
26-11-2015,226.63
24-11-2015,134.56
23-11-2015,130.87
20-11-2015,156.61
19-11-2015,136.7
18-11-2015,148.04
17-11-2015,149.45
16-11-2015,154.14
13-11-2015,165.88
11-11-2015,223.8
10-11-2015,170.27
09-11-2015,218.42
06-11-2015,226.33
05-11-2015,136.22
04-11-2015,125.94
03-11-2015,136.62
02-11-2015,140.32
30-10-2015,205.66
29-10-2015,224.23
28-10-2015,194.71
27-10-2015,161.49
26-10-2015,138.01
23-10-2015,156.66
21-10-2015,149.27
20-10-2015,159.95
19-10-2015,128.3
16-10-2015,161.15
15-10-2015,172.43
14-10-2015,143.16
13-10-2015,150.43
12-10-2015,205.26
09-10-2015,205.86
08-10-2015,177.03
07-10-2015,199.91
06-10-2015,184.04
05-10-2015,188.83
01-10-2015,161.81
30-09-2015,217.19
29-09-2015,248.11
28-09-2015,140.48
24-09-2015,208.77
23-09-2015,151.2
22-09-2015,173.57
21-09-2015,125.63
18-09-2015,249.31
16-09-2015,144.33
15-09-2015,140.72
14-09-2015,126.63
11-09-2015,140.58
10-09-2015,165.31
09-09-2015,214.84
08-09-2015,177.52
07-09-2015,145.76
04-09-2015,199.57
03-09-2015,160.61
02-09-2015,222.0
01-09-2015,190.58
31-08-2015,204.26
28-08-2015,201.57
27-08-2015,314.42
26-08-2015,223.26
25-08-2015,308.26
24-08-2015,322.1
21-08-2015,207.54
20-08-2015,189.84
19-08-2015,134.51
18-08-2015,157.99
17-08-2015,180.08
14-08-2015,160.68
13-08-2015,195.08
12-08-2015,195.9
11-08-2015,159.19
10-08-2015,127.2
07-08-2015,148.07
06-08-2015,139.12
05-08-2015,136.95
04-08-2015,193.23
03-08-2015,161.49
31-07-2015,209.63
30-07-2015,221.94
29-07-2015,145.4
28-07-2015,179.98
27-07-2015,140.83
24-07-2015,131.35
23-07-2015,136.96
22-07-2015,141.02
21-07-2015,169.15
20-07-2015,93.44
17-07-2015,108.19
16-07-2015,119.64
15-07-2015,108.84
14-07-2015,104.89
13-07-2015,121.38
10-07-2015,158.88
09-07-2015,135.36
08-07-2015,193.89
07-07-2015,126.04
06-07-2015,104.58
03-07-2015,91.14
02-07-2015,115.47
01-07-2015,135.89
30-06-2015,163.37
29-06-2015,136.11
26-06-2015,113.96
25-06-2015,207.42
24-06-2015,134.06
23-06-2015,135.84
22-06-2015,126.54
19-06-2015,151.58
18-06-2015,149.27
17-06-2015,157.21
16-06-2015,127.81
15-06-2015,137.12
12-06-2015,140.84
11-06-2015,171.35
10-06-2015,141.03
09-06-2015,140.22
08-06-2015,140.08
05-06-2015,167.06
04-06-2015,159.47
03-06-2015,176.66
02-06-2015,151.34
01-06-2015,125.99
29-05-2015,375.23
28-05-2015,239.55
27-05-2015,170.58
26-05-2015,120.43
25-05-2015,125.05
22-05-2015,193.08
21-05-2015,148.19
20-05-2015,127.39
19-05-2015,144.64
18-05-2015,153.34
15-05-2015,133.84
14-05-2015,138.96
13-05-2015,175.02
12-05-2015,178.75
11-05-2015,197.88
08-05-2015,188.78
07-05-2015,166.56
06-05-2015,216.09
05-05-2015,160.34
04-05-2015,135.76
30-04-2015,276.02
29-04-2015,165.36
28-04-2015,179.97
27-04-2015,176.84
24-04-2015,178.99
23-04-2015,160.8
22-04-2015,177.13
21-04-2015,420.43
20-04-2015,153.51
17-04-2015,154.98
16-04-2015,147.27
15-04-2015,168.58
13-04-2015,125.37
10-04-2015,143.29
09-04-2015,157.41
08-04-2015,152.8
07-04-2015,153.26
06-04-2015,151.38
01-04-2015,129.45
31-03-2015,172.36
30-03-2015,138.88
27-03-2015,198.98
26-03-2015,288.76
25-03-2015,165.95
24-03-2015,161.46
23-03-2015,155.43
20-03-2015,179.98
19-03-2015,168.63
18-03-2015,161.15
17-03-2015,182.5
16-03-2015,168.44
13-03-2015,184.67
12-03-2015,179.34
11-03-2015,178.05
10-03-2015,168.92
09-03-2015,160.33
05-03-2015,165.08
04-03-2015,256.06
03-03-2015,183.25
02-03-2015,224.77
28-02-2015,246.45
27-02-2015,257.23
26-02-2015,224.18
25-02-2015,139.41
24-02-2015,154.37
23-02-2015,143.93
20-02-2015,203.72
19-02-2015,219.87
18-02-2015,152.15
16-02-2015,140.64
13-02-2015,228.81
12-02-2015,163.68
11-02-2015,166.56
10-02-2015,202.3
09-02-2015,151.33
06-02-2015,176.55
05-02-2015,179.01
04-02-2015,201.25
03-02-2015,208.67
02-02-2015,216.56
30-01-2015,275.59
29-01-2015,264.25
28-01-2015,190.81
27-01-2015,192.01
23-01-2015,197.12
22-01-2015,180.91
21-01-2015,191.65
20-01-2015,158.71
19-01-2015,129.35
16-01-2015,181.37
15-01-2015,232.14
14-01-2015,150.62
13-01-2015,129.56
12-01-2015,103.15
09-01-2015,152.61
08-01-2015,143.8
07-01-2015,164.08
06-01-2015,172.8
05-01-2015,118.16
02-01-2015,101.89
01-01-2015,56.56
31-12-2014,84.53
30-12-2014,77.7
29-12-2014,82.09
26-12-2014,75.53
24-12-2014,221.91
23-12-2014,132.19
22-12-2014,139.16
19-12-2014,174.8
18-12-2014,162.11
17-12-2014,216.22
16-12-2014,197.34
15-12-2014,137.14
12-12-2014,138.08
11-12-2014,133.86
10-12-2014,136.66
09-12-2014,146.27
08-12-2014,163.82
05-12-2014,143.35
04-12-2014,143.48
03-12-2014,153.2
02-12-2014,137.39
01-12-2014,151.99
28-11-2014,197.22
27-11-2014,194.3
26-11-2014,151.92
25-11-2014,271.91
24-11-2014,140.66
21-11-2014,137.02
20-11-2014,122.78
19-11-2014,125.4
18-11-2014,134.68
17-11-2014,113.88
14-11-2014,146.77
13-11-2014,127.36
12-11-2014,125.24
11-11-2014,122.01
10-11-2014,130.75
07-11-2014,153.43
05-11-2014,161.62
03-11-2014,141.09
31-10-2014,176.16
30-10-2014,205.67
29-10-2014,148.31
28-10-2014,124.06
27-10-2014,132.83
23-10-2014,19.64
22-10-2014,151.1
21-10-2014,163.4
20-10-2014,176.17
17-10-2014,177.62
16-10-2014,213.53
14-10-2014,225.47
13-10-2014,118.78
10-10-2014,142.93
09-10-2014,123.77
08-10-2014,135.91
07-10-2014,148.2
01-10-2014,113.0
30-09-2014,141.14
29-09-2014,97.27
26-09-2014,147.84
25-09-2014,231.9
24-09-2014,182.21
23-09-2014,140.78
22-09-2014,105.51
19-09-2014,161.28
18-09-2014,116.93
17-09-2014,123.72
16-09-2014,127.95
15-09-2014,96.5
12-09-2014,111.44
11-09-2014,122.82
10-09-2014,107.06
09-09-2014,104.74
08-09-2014,120.69
05-09-2014,125.98
04-09-2014,141.28
03-09-2014,150.73
02-09-2014,134.9
01-09-2014,139.33
28-08-2014,189.7
27-08-2014,119.96
26-08-2014,142.83
25-08-2014,118.47
22-08-2014,104.08
21-08-2014,115.22
20-08-2014,117.32
19-08-2014,140.62
18-08-2014,126.74
14-08-2014,127.33
13-08-2014,154.08
12-08-2014,120.61
11-08-2014,106.97
08-08-2014,118.43
07-08-2014,116.79
06-08-2014,116.36
05-08-2014,128.24
04-08-2014,137.04
01-08-2014,181.07
31-07-2014,208.86
30-07-2014,178.11
28-07-2014,116.54
25-07-2014,153.94
24-07-2014,117.61
23-07-2014,122.12
22-07-2014,120.08
21-07-2014,105.4
18-07-2014,134.6
17-07-2014,141.61
16-07-2014,167.97
15-07-2014,122.07
14-07-2014,135.23
11-07-2014,187.59
10-07-2014,258.39
09-07-2014,168.35
08-07-2014,180.65
07-07-2014,173.93
04-07-2014,113.07
03-07-2014,133.76
02-07-2014,136.32
01-07-2014,139.43
30-06-2014,152.3
27-06-2014,126.67
26-06-2014,171.68
25-06-2014,114.97
24-06-2014,137.0
23-06-2014,127.41
20-06-2014,124.13
19-06-2014,148.85
18-06-2014,165.08
17-06-2014,157.96
16-06-2014,155.38
13-06-2014,174.52
12-06-2014,148.21
11-06-2014,186.18
10-06-2014,188.67
09-06-2014,231.88
06-06-2014,248.4
05-06-2014,250.66
04-06-2014,204.59
03-06-2014,234.68
02-06-2014,169.89
30-05-2014,312.15
29-05-2014,241.12
28-05-2014,175.6
27-05-2014,168.6
26-05-2014,273.24
23-05-2014,259.64
22-05-2014,240.94
21-05-2014,203.14
20-05-2014,255.33
19-05-2014,316.25
16-05-2014,393.16
15-05-2014,186.85
14-05-2014,177.2
13-05-2014,232.22
12-05-2014,157.72
09-05-2014,166.44
08-05-2014,101.55
07-05-2014,114.1
06-05-2014,88.29
05-05-2014,104.99
02-05-2014,114.28
30-04-2014,161.11
29-04-2014,115.51
28-04-2014,118.16
25-04-2014,154.32
23-04-2014,182.97
22-04-2014,114.69
21-04-2014,111.84
17-04-2014,131.49
16-04-2014,119.77
15-04-2014,123.2
11-04-2014,140.74
10-04-2014,191.13
09-04-2014,169.8
07-04-2014,133.95
04-04-2014,155.13
03-04-2014,197.55
02-04-2014,173.34
01-04-2014,177.84
31-03-2014,220.62
28-03-2014,184.82
27-03-2014,312.38
26-03-2014,186.57
25-03-2014,168.12
24-03-2014,158.4
22-03-2014,9.77
21-03-2014,189.85
20-03-2014,141.98
19-03-2014,172.46
18-03-2014,179.31
14-03-2014,177.34
13-03-2014,167.86
12-03-2014,174.98
11-03-2014,239.0
10-03-2014,242.14
07-03-2014,284.92
06-03-2014,180.73
05-03-2014,160.3
04-03-2014,166.82
03-03-2014,144.56
28-02-2014,180.6
26-02-2014,181.66
25-02-2014,146.26
24-02-2014,144.88
21-02-2014,112.6
20-02-2014,132.11
19-02-2014,95.25
18-02-2014,126.64
17-02-2014,108.49
14-02-2014,140.2
13-02-2014,153.65
12-02-2014,138.55
11-02-2014,150.52
10-02-2014,133.07
07-02-2014,181.93
06-02-2014,185.5
05-02-2014,166.63
04-02-2014,183.25
03-02-2014,134.89
31-01-2014,146.71
30-01-2014,208.06
29-01-2014,146.73
28-01-2014,184.11
27-01-2014,190.44
24-01-2014,160.27
23-01-2014,120.06
22-01-2014,137.49
21-01-2014,141.73
20-01-2014,122.14
17-01-2014,167.72
16-01-2014,153.42
15-01-2014,145.92
14-01-2014,110.23
13-01-2014,135.01
10-01-2014,159.92
09-01-2014,150.06
08-01-2014,146.91
07-01-2014,138.56
06-01-2014,118.35
03-01-2014,139.04
02-01-2014,158.13
01-01-2014,69.57
31-12-2013,103.44
30-12-2013,101.27
27-12-2013,96.87
26-12-2013,182.31
24-12-2013,107.64
23-12-2013,131.19
20-12-2013,171.97
19-12-2013,437.04
18-12-2013,243.25
17-12-2013,154.18
16-12-2013,146.45
13-12-2013,169.65
12-12-2013,148.53
11-12-2013,148.2
10-12-2013,242.41
09-12-2013,198.29
06-12-2013,158.54
05-12-2013,186.06
04-12-2013,186.17
03-12-2013,156.85
02-12-2013,145.95
29-11-2013,190.71
28-11-2013,195.32
27-11-2013,124.88
26-11-2013,150.66
25-11-2013,127.2
22-11-2013,134.76
21-11-2013,137.23
20-11-2013,155.8
19-11-2013,161.51
18-11-2013,163.99
14-11-2013,154.91
13-11-2013,162.54
12-11-2013,153.81
11-11-2013,146.06
08-11-2013,150.05
07-11-2013,168.83
06-11-2013,157.08
05-11-2013,181.05
03-11-2013,9.36
01-11-2013,191.64
31-10-2013,239.61
30-10-2013,177.58
29-10-2013,197.35
28-10-2013,146.34
25-10-2013,144.53
24-10-2013,148.91
23-10-2013,188.28
22-10-2013,161.94
21-10-2013,196.99
18-10-2013,250.34
17-10-2013,230.56
15-10-2013,218.3
14-10-2013,142.17
11-10-2013,180.83
10-10-2013,159.61
09-10-2013,192.04
08-10-2013,158.53
07-10-2013,156.39
04-10-2013,191.47
03-10-2013,199.79
01-10-2013,159.25
30-09-2013,155.68
27-09-2013,163.07
26-09-2013,220.59
25-09-2013,200.16
24-09-2013,187.58
23-09-2013,188.32
20-09-2013,318.64
19-09-2013,287.19
18-09-2013,153.58
17-09-2013,157.94
16-09-2013,219.46
13-09-2013,190.77
12-09-2013,272.99
11-09-2013,265.01
10-09-2013,275.24
06-09-2013,253.03
05-09-2013,274.94
04-09-2013,237.23
03-09-2013,250.3
02-09-2013,214.23
30-08-2013,336.4
29-08-2013,326.5
28-08-2013,335.99
27-08-2013,306.04
26-08-2013,242.0
23-08-2013,251.51
22-08-2013,284.47
21-08-2013,255.0
20-08-2013,261.05
19-08-2013,219.67
16-08-2013,248.09
14-08-2013,223.66
13-08-2013,223.0
12-08-2013,195.71
08-08-2013,204.92
07-08-2013,245.01
06-08-2013,216.23
05-08-2013,197.17
02-08-2013,222.49
01-08-2013,216.76
31-07-2013,235.47
30-07-2013,181.49
29-07-2013,173.43
26-07-2013,174.54
25-07-2013,237.08
24-07-2013,151.93
23-07-2013,126.47
22-07-2013,115.17
19-07-2013,163.31
18-07-2013,171.73
17-07-2013,191.52
16-07-2013,151.16
15-07-2013,116.28
12-07-2013,127.71
11-07-2013,120.2
10-07-2013,117.52
09-07-2013,110.43
08-07-2013,127.63
05-07-2013,123.59
04-07-2013,151.93
03-07-2013,160.52
02-07-2013,145.72
01-07-2013,144.79
28-06-2013,214.4
27-06-2013,239.03
26-06-2013,160.1
25-06-2013,196.57
24-06-2013,193.49
21-06-2013,182.41
20-06-2013,198.4
19-06-2013,115.54
18-06-2013,117.54
17-06-2013,107.16
14-06-2013,124.41
13-06-2013,142.04
12-06-2013,140.39
11-06-2013,180.9
10-06-2013,100.13
07-06-2013,118.35
06-06-2013,114.18
05-06-2013,110.22
04-06-2013,114.45
03-06-2013,112.12
31-05-2013,175.31
30-05-2013,194.09
29-05-2013,120.21
28-05-2013,139.67
27-05-2013,115.12
24-05-2013,161.62
23-05-2013,198.93
22-05-2013,133.76
21-05-2013,130.59
20-05-2013,122.25
17-05-2013,147.28
16-05-2013,158.64
15-05-2013,153.89
14-05-2013,119.27
13-05-2013,107.95
11-05-2013,7.99
10-05-2013,111.35
09-05-2013,110.0
08-05-2013,122.28
07-05-2013,136.37
06-05-2013,110.17
03-05-2013,145.75
02-05-2013,162.38
30-04-2013,153.19
29-04-2013,118.88
26-04-2013,141.31
25-04-2013,199.6
23-04-2013,132.22
22-04-2013,135.1
18-04-2013,149.88
17-04-2013,154.58
16-04-2013,142.68
15-04-2013,142.92
12-04-2013,127.32
11-04-2013,146.83
10-04-2013,128.56
09-04-2013,138.18
08-04-2013,97.02
05-04-2013,137.46
04-04-2013,134.59
03-04-2013,140.71
02-04-2013,106.42
01-04-2013,97.78
28-03-2013,209.66
26-03-2013,126.5
25-03-2013,150.39
22-03-2013,165.29
21-03-2013,179.18
20-03-2013,187.62
19-03-2013,182.31
18-03-2013,102.66
15-03-2013,152.16
14-03-2013,149.01
13-03-2013,116.71
12-03-2013,115.94
11-03-2013,125.39
08-03-2013,150.78
07-03-2013,134.68
06-03-2013,156.9
05-03-2013,154.41
04-03-2013,144.89
01-03-2013,174.52
28-02-2013,334.85
27-02-2013,175.17
26-02-2013,157.36
25-02-2013,125.13
22-02-2013,157.05
21-02-2013,159.4
20-02-2013,135.35
19-02-2013,100.99
18-02-2013,114.28
15-02-2013,125.09
14-02-2013,143.83
13-02-2013,142.64
12-02-2013,142.84
11-02-2013,121.96
08-02-2013,192.61
07-02-2013,157.65
06-02-2013,157.82
05-02-2013,136.23
04-02-2013,141.74
01-02-2013,159.27
31-01-2013,168.52
30-01-2013,124.22
29-01-2013,157.55
28-01-2013,113.11
25-01-2013,147.59
24-01-2013,185.21
23-01-2013,136.99
22-01-2013,129.04
21-01-2013,130.87
18-01-2013,186.46
17-01-2013,178.96
16-01-2013,128.99
15-01-2013,138.36
14-01-2013,134.71
11-01-2013,128.02
10-01-2013,129.77
09-01-2013,129.64
08-01-2013,109.94
07-01-2013,110.25
04-01-2013,113.23
03-01-2013,99.99
02-01-2013,116.06
01-01-2013,77.9
31-12-2012,64.81
28-12-2012,89.67
27-12-2012,139.61
26-12-2012,83.87
24-12-2012,85.34
21-12-2012,141.15
20-12-2012,123.91
19-12-2012,149.44
18-12-2012,148.91
17-12-2012,109.55
14-12-2012,115.16
13-12-2012,136.62
12-12-2012,132.67
11-12-2012,137.42
10-12-2012,95.98
07-12-2012,127.61
06-12-2012,140.27
05-12-2012,139.65
04-12-2012,131.02
03-12-2012,113.42
30-11-2012,257.05
29-11-2012,207.3
27-11-2012,134.41
26-11-2012,79.29
23-11-2012,85.08
22-11-2012,94.06
21-11-2012,105.15
20-11-2012,107.48
19-11-2012,106.99
16-11-2012,121.9
15-11-2012,133.98
13-11-2012,16.52
12-11-2012,92.7
09-11-2012,98.76
08-11-2012,117.59
07-11-2012,133.74
06-11-2012,115.02
05-11-2012,74.83
02-11-2012,111.16
01-11-2012,107.39
31-10-2012,112.08
30-10-2012,116.68
29-10-2012,93.56
26-10-2012,101.66
25-10-2012,158.34
23-10-2012,81.5
22-10-2012,103.37
19-10-2012,124.26
18-10-2012,144.1
17-10-2012,123.97
16-10-2012,117.42
15-10-2012,93.69
12-10-2012,130.08
11-10-2012,148.28
10-10-2012,126.29
09-10-2012,119.3
08-10-2012,142.32
05-10-2012,255.57
04-10-2012,179.19
03-10-2012,173.22
01-10-2012,128.04
28-09-2012,173.26
27-09-2012,238.99
26-09-2012,170.77
25-09-2012,341.39
24-09-2012,210.42
21-09-2012,278.02
20-09-2012,165.68
18-09-2012,175.49
17-09-2012,258.91
14-09-2012,233.78
13-09-2012,110.77
12-09-2012,139.92
11-09-2012,112.88
10-09-2012,109.61
08-09-2012,11.22
07-09-2012,149.58
06-09-2012,134.01
05-09-2012,126.16
04-09-2012,106.32
03-09-2012,110.38
31-08-2012,167.39
30-08-2012,226.49
29-08-2012,157.47
28-08-2012,123.68
27-08-2012,89.99
24-08-2012,114.35
23-08-2012,128.0
22-08-2012,103.1
21-08-2012,124.34
17-08-2012,134.98
16-08-2012,134.0
14-08-2012,109.79
13-08-2012,107.58
10-08-2012,130.09
09-08-2012,181.42
08-08-2012,165.96
07-08-2012,130.43
06-08-2012,103.15
03-08-2012,112.92
02-08-2012,92.97
01-08-2012,113.82
31-07-2012,147.06
30-07-2012,117.52
27-07-2012,131.95
26-07-2012,180.13
25-07-2012,130.97
24-07-2012,116.52
23-07-2012,104.77
20-07-2012,89.73
19-07-2012,109.77
18-07-2012,109.65
17-07-2012,111.77
16-07-2012,106.31
13-07-2012,99.05
12-07-2012,131.19
11-07-2012,113.53
10-07-2012,123.95
09-07-2012,101.17
06-07-2012,113.3
05-07-2012,118.92
04-07-2012,156.0
03-07-2012,133.12
02-07-2012,126.16
29-06-2012,226.52
28-06-2012,143.07
27-06-2012,112.27
26-06-2012,99.41
25-06-2012,123.5
22-06-2012,159.75
21-06-2012,142.99
20-06-2012,160.51
19-06-2012,149.42
18-06-2012,153.46
15-06-2012,155.44
14-06-2012,118.35
13-06-2012,125.67
12-06-2012,135.48
11-06-2012,125.62
08-06-2012,138.39
07-06-2012,150.56
06-06-2012,185.34
05-06-2012,141.48
04-06-2012,152.34
01-06-2012,138.77
31-05-2012,296.91
30-05-2012,146.0
29-05-2012,124.22
28-05-2012,97.26
25-05-2012,118.19
24-05-2012,140.48
23-05-2012,136.11
22-05-2012,130.81
21-05-2012,116.51
18-05-2012,154.51
17-05-2012,155.65
16-05-2012,165.05
15-05-2012,142.12
14-05-2012,126.95
11-05-2012,138.53
10-05-2012,141.03
09-05-2012,180.44
08-05-2012,164.26
07-05-2012,168.27
04-05-2012,153.3
03-05-2012,118.57
02-05-2012,119.33
30-04-2012,108.14
27-04-2012,128.76
26-04-2012,185.9
25-04-2012,142.91
24-04-2012,155.68
23-04-2012,138.04
20-04-2012,135.25
19-04-2012,133.55
18-04-2012,152.74
17-04-2012,178.9
16-04-2012,119.73
13-04-2012,164.23
12-04-2012,152.68
11-04-2012,167.01
10-04-2012,156.11
09-04-2012,111.92
04-04-2012,122.11
03-04-2012,152.5
02-04-2012,134.54
30-03-2012,164.79
29-03-2012,242.56
28-03-2012,145.8
27-03-2012,208.78
26-03-2012,169.79
23-03-2012,172.74
22-03-2012,205.58
21-03-2012,199.79
20-03-2012,181.34
19-03-2012,179.88
16-03-2012,267.52
15-03-2012,160.26
14-03-2012,181.71
13-03-2012,179.96
12-03-2012,176.67
09-03-2012,203.01
07-03-2012,230.73
06-03-2012,290.4
05-03-2012,196.42
03-03-2012,16.77
02-03-2012,185.02
01-03-2012,196.87
29-02-2012,226.02
28-02-2012,208.13
27-02-2012,235.32
24-02-2012,364.66
23-02-2012,307.25
22-02-2012,263.01
21-02-2012,231.13
17-02-2012,329.31
16-02-2012,270.06
15-02-2012,314.37
14-02-2012,201.41
13-02-2012,181.56
10-02-2012,225.35
09-02-2012,255.31
08-02-2012,236.14
07-02-2012,181.2
06-02-2012,215.08
03-02-2012,217.36
02-02-2012,337.96
01-02-2012,234.9
31-01-2012,215.77
30-01-2012,181.14
27-01-2012,215.92
25-01-2012,219.18
24-01-2012,202.01
23-01-2012,158.18
20-01-2012,221.05
19-01-2012,203.49
18-01-2012,211.2
17-01-2012,223.0
16-01-2012,160.48
13-01-2012,230.94
12-01-2012,183.07
11-01-2012,209.08
10-01-2012,201.66
09-01-2012,147.54
07-01-2012,187.84
06-01-2012,176.06
05-01-2012,177.86
04-01-2012,165.94
03-01-2012,146.62
02-01-2012,108.46
30-12-2011,113.9
29-12-2011,146.0
28-12-2011,117.46
27-12-2011,104.83
26-12-2011,90.85
23-12-2011,141.98
22-12-2011,170.79
21-12-2011,211.31
20-12-2011,195.3
19-12-2011,176.45
16-12-2011,202.06
15-12-2011,200.32
14-12-2011,176.25
13-12-2011,181.04
12-12-2011,178.34
09-12-2011,173.61
08-12-2011,178.85
07-12-2011,169.43
05-12-2011,137.25
02-12-2011,180.19
01-12-2011,183.92
30-11-2011,282.22
29-11-2011,155.57
28-11-2011,145.26
25-11-2011,162.84
24-11-2011,213.36
23-11-2011,178.82
22-11-2011,174.21
21-11-2011,154.12
18-11-2011,192.27
17-11-2011,149.24
16-11-2011,161.41
15-11-2011,149.59
14-11-2011,134.45
11-11-2011,168.51
09-11-2011,146.43
08-11-2011,120.65
04-11-2011,149.02
03-11-2011,160.28
02-11-2011,144.38
01-11-2011,152.49
31-10-2011,149.48
28-10-2011,246.08
26-10-2011,27.5
25-10-2011,221.08
24-10-2011,126.07
21-10-2011,109.89
20-10-2011,119.33
19-10-2011,117.47
18-10-2011,125.55
17-10-2011,130.46
14-10-2011,157.78
13-10-2011,157.3
12-10-2011,188.01
11-10-2011,182.04
10-10-2011,188.84
07-10-2011,198.29
05-10-2011,179.14
04-10-2011,184.41
03-10-2011,148.92
30-09-2011,201.96
29-09-2011,216.16
28-09-2011,166.87
27-09-2011,151.31
26-09-2011,156.08
23-09-2011,205.77
22-09-2011,147.61
21-09-2011,132.92
20-09-2011,146.6
19-09-2011,115.74
16-09-2011,225.19
15-09-2011,153.65
14-09-2011,154.28
13-09-2011,146.0
12-09-2011,135.5
09-09-2011,158.71
08-09-2011,140.86
07-09-2011,193.86
06-09-2011,183.68
05-09-2011,162.9
02-09-2011,195.06
30-08-2011,181.54
29-08-2011,145.12
26-08-2011,149.72
25-08-2011,184.91
24-08-2011,129.41
23-08-2011,130.01
22-08-2011,123.81
19-08-2011,166.7
18-08-2011,139.82
17-08-2011,143.34
16-08-2011,130.9
12-08-2011,128.84
11-08-2011,113.04
10-08-2011,158.4
09-08-2011,233.87
08-08-2011,188.31
05-08-2011,196.02
04-08-2011,118.48
03-08-2011,133.22
02-08-2011,110.37
01-08-2011,98.96
29-07-2011,156.13
28-07-2011,164.52
27-07-2011,122.32
26-07-2011,134.11
25-07-2011,142.01
22-07-2011,106.78
21-07-2011,76.33
20-07-2011,87.09
19-07-2011,86.56
18-07-2011,73.61
15-07-2011,80.43
14-07-2011,123.02
13-07-2011,106.02
12-07-2011,104.91
11-07-2011,78.9
08-07-2011,129.28
07-07-2011,112.22
06-07-2011,86.11
05-07-2011,100.78
04-07-2011,103.53
01-07-2011,141.09
30-06-2011,179.22
29-06-2011,124.59
28-06-2011,114.41
27-06-2011,143.4
24-06-2011,140.1
23-06-2011,89.0
22-06-2011,95.77
21-06-2011,107.19
20-06-2011,135.34
17-06-2011,97.88
16-06-2011,128.06
15-06-2011,95.88
14-06-2011,97.84
13-06-2011,80.11
10-06-2011,84.19
09-06-2011,87.03
08-06-2011,92.93
07-06-2011,81.86
06-06-2011,77.14
03-06-2011,101.02
02-06-2011,110.95
01-06-2011,98.63
31-05-2011,149.41
30-05-2011,100.77
27-05-2011,117.23
26-05-2011,161.61
25-05-2011,99.92
24-05-2011,100.05
23-05-2011,94.67
20-05-2011,127.4
19-05-2011,94.18
18-05-2011,107.36
17-05-2011,109.2
16-05-2011,94.22
13-05-2011,119.42
12-05-2011,91.63
11-05-2011,82.51
10-05-2011,88.82
09-05-2011,75.44
06-05-2011,122.68
05-05-2011,126.43
04-05-2011,119.08
03-05-2011,125.52
02-05-2011,86.51
29-04-2011,184.75
28-04-2011,159.34
27-04-2011,108.74
26-04-2011,117.17
25-04-2011,94.38
21-04-2011,119.75
20-04-2011,117.9
19-04-2011,101.24
18-04-2011,121.11
15-04-2011,140.59
13-04-2011,145.7
11-04-2011,92.73
08-04-2011,99.86
07-04-2011,98.16
06-04-2011,125.96
05-04-2011,110.63
04-04-2011,106.39
01-04-2011,118.32
31-03-2011,219.44
30-03-2011,133.21
29-03-2011,140.48
28-03-2011,130.72
25-03-2011,133.45
24-03-2011,115.26
23-03-2011,112.04
22-03-2011,94.94
21-03-2011,107.18
18-03-2011,129.49
17-03-2011,135.26
16-03-2011,135.2
15-03-2011,191.04
14-03-2011,173.52
11-03-2011,133.44
10-03-2011,135.73
09-03-2011,149.82
08-03-2011,127.51
07-03-2011,134.58
04-03-2011,162.01
03-03-2011,218.8
01-03-2011,210.5
28-02-2011,317.25
25-02-2011,193.54
24-02-2011,259.35
23-02-2011,173.58
22-02-2011,166.27
21-02-2011,137.63
18-02-2011,180.91
17-02-2011,143.67
16-02-2011,140.52
15-02-2011,170.46
14-02-2011,175.71
11-02-2011,211.25
10-02-2011,225.24
09-02-2011,246.53
08-02-2011,155.6
07-02-2011,150.45
04-02-2011,187.82
03-02-2011,154.23
02-02-2011,172.2
01-02-2011,171.23
31-01-2011,177.85
28-01-2011,173.11
27-01-2011,201.5
25-01-2011,126.13
24-01-2011,108.83
21-01-2011,119.99
20-01-2011,130.5
19-01-2011,146.72
18-01-2011,141.01
17-01-2011,148.5
14-01-2011,174.57
13-01-2011,175.35
12-01-2011,188.12
11-01-2011,161.26
10-01-2011,156.95
07-01-2011,171.81
06-01-2011,152.34
05-01-2011,139.61
04-01-2011,181.73
03-01-2011,96.03
31-12-2010,113.76
30-12-2010,194.35
29-12-2010,93.0
28-12-2010,90.72
27-12-2010,95.96
24-12-2010,123.58
23-12-2010,85.46
22-12-2010,118.82
21-12-2010,126.54
20-12-2010,121.82
16-12-2010,149.83
15-12-2010,126.32
14-12-2010,125.3
13-12-2010,138.23
10-12-2010,167.49
09-12-2010,169.51
08-12-2010,122.57
07-12-2010,145.41
06-12-2010,145.32
03-12-2010,165.38
02-12-2010,197.38
01-12-2010,173.36
30-11-2010,217.96
29-11-2010,155.07
26-11-2010,287.2
25-11-2010,371.67
24-11-2010,125.85
23-11-2010,158.87
22-11-2010,123.42
19-11-2010,150.74
18-11-2010,190.22
16-11-2010,139.19
15-11-2010,124.27
12-11-2010,155.2
11-11-2010,169.3
10-11-2010,125.61
09-11-2010,139.82
08-11-2010,153.93
05-11-2010,27.18
04-11-2010,125.03
03-11-2010,111.32
02-11-2010,122.09
01-11-2010,128.91
29-10-2010,137.88
28-10-2010,228.79
27-10-2010,116.71
26-10-2010,113.45
25-10-2010,123.12
22-10-2010,109.38
21-10-2010,123.1
20-10-2010,105.11
19-10-2010,130.46
18-10-2010,138.75
15-10-2010,111.06
14-10-2010,128.49
13-10-2010,148.66
12-10-2010,109.94
11-10-2010,115.78
08-10-2010,134.64
07-10-2010,168.88
06-10-2010,152.5
05-10-2010,145.24
04-10-2010,184.6
01-10-2010,179.17
30-09-2010,217.77
29-09-2010,183.15
28-09-2010,170.65
27-09-2010,166.77
24-09-2010,176.46
23-09-2010,135.58
22-09-2010,170.15
21-09-2010,200.95
20-09-2010,193.48
17-09-2010,211.38
16-09-2010,192.47
15-09-2010,187.21
14-09-2010,188.43
13-09-2010,152.8
09-09-2010,138.06
08-09-2010,135.33
07-09-2010,177.48
06-09-2010,158.94
03-09-2010,146.81
02-09-2010,159.67
01-09-2010,144.23
31-08-2010,157.13
30-08-2010,113.84
27-08-2010,142.33
26-08-2010,186.38
25-08-2010,157.76
24-08-2010,139.15
23-08-2010,118.74
20-08-2010,144.07
19-08-2010,167.74
18-08-2010,154.25
17-08-2010,138.28
16-08-2010,189.45
13-08-2010,154.91
12-08-2010,172.04
11-08-2010,174.63
10-08-2010,164.22
09-08-2010,137.0
06-08-2010,116.67
05-08-2010,129.64
04-08-2010,120.78
03-08-2010,130.73
02-08-2010,104.23
30-07-2010,131.8
29-07-2010,162.31
28-07-2010,146.94
27-07-2010,155.31
26-07-2010,147.33
23-07-2010,165.93
22-07-2010,156.0
21-07-2010,122.86
20-07-2010,121.63
19-07-2010,116.59
16-07-2010,143.22
15-07-2010,155.12
14-07-2010,211.04
13-07-2010,226.05
12-07-2010,189.5
09-07-2010,216.66
08-07-2010,127.3
07-07-2010,132.39
06-07-2010,115.51
05-07-2010,100.62
02-07-2010,149.98
01-07-2010,141.43
30-06-2010,183.72
29-06-2010,158.72
28-06-2010,154.14
25-06-2010,164.97
24-06-2010,218.79
23-06-2010,150.16
22-06-2010,162.04
21-06-2010,186.2
18-06-2010,205.2
17-06-2010,189.95
16-06-2010,203.73
15-06-2010,218.93
14-06-2010,158.83
11-06-2010,198.34
10-06-2010,176.85
09-06-2010,199.91
08-06-2010,180.66
07-06-2010,175.61
04-06-2010,174.56
03-06-2010,174.61
02-06-2010,217.93
01-06-2010,183.23
31-05-2010,179.56
28-05-2010,188.07
27-05-2010,238.53
26-05-2010,221.98
25-05-2010,198.19
24-05-2010,184.42
21-05-2010,230.48
20-05-2010,197.3
19-05-2010,212.95
18-05-2010,137.03
17-05-2010,169.31
14-05-2010,144.38
13-05-2010,179.38
12-05-2010,187.11
11-05-2010,168.75
10-05-2010,191.63
07-05-2010,233.35
06-05-2010,192.11
05-05-2010,207.68
04-05-2010,145.54
03-05-2010,111.45
30-04-2010,152.5
29-04-2010,171.68
28-04-2010,178.64
27-04-2010,144.43
26-04-2010,127.02
23-04-2010,154.12
22-04-2010,180.29
21-04-2010,196.9
20-04-2010,199.48
19-04-2010,155.32
16-04-2010,151.01
15-04-2010,195.01
13-04-2010,126.58
12-04-2010,134.9
09-04-2010,154.5
08-04-2010,156.58
07-04-2010,166.79
06-04-2010,147.05
05-04-2010,132.42
01-04-2010,127.77
31-03-2010,147.62
30-03-2010,133.48
29-03-2010,132.19
26-03-2010,140.97
25-03-2010,207.84
23-03-2010,146.48
22-03-2010,130.04
19-03-2010,136.87
18-03-2010,160.34
17-03-2010,169.77
16-03-2010,120.69
15-03-2010,134.88
12-03-2010,152.56
11-03-2010,155.7
10-03-2010,167.18
09-03-2010,158.74
08-03-2010,188.57
05-03-2010,209.6
04-03-2010,205.1
03-03-2010,191.79
02-03-2010,233.13
26-02-2010,341.14
25-02-2010,179.44
24-02-2010,141.21
23-02-2010,129.23
22-02-2010,149.36
19-02-2010,194.31
18-02-2010,193.51
17-02-2010,176.5
16-02-2010,156.01
15-02-2010,153.76
11-02-2010,142.64
10-02-2010,185.05
09-02-2010,175.45
08-02-2010,205.36
06-02-2010,22.09
05-02-2010,222.36
04-02-2010,167.82
03-02-2010,163.1
02-02-2010,235.09
01-02-2010,226.82
29-01-2010,265.19
28-01-2010,275.87
27-01-2010,274.77
25-01-2010,166.4
22-01-2010,270.25
21-01-2010,190.01
20-01-2010,167.87
19-01-2010,141.42
18-01-2010,153.69
15-01-2010,167.24
14-01-2010,171.28
13-01-2010,200.78
12-01-2010,206.75
11-01-2010,238.01
08-01-2010,201.91
07-01-2010,181.25
06-01-2010,216.15
05-01-2010,240.84
04-01-2010,148.65
31-12-2009,188.09
30-12-2009,147.55
29-12-2009,160.53
24-12-2009,202.18
23-12-2009,250.73
22-12-2009,164.38
21-12-2009,168.16
18-12-2009,199.33
17-12-2009,219.46
16-12-2009,202.11
15-12-2009,198.96
14-12-2009,171.68
11-12-2009,207.03
10-12-2009,212.78
09-12-2009,240.04
08-12-2009,222.74
07-12-2009,213.12
04-12-2009,207.47
03-12-2009,225.73
02-12-2009,284.76
01-12-2009,301.88
30-11-2009,299.57
27-11-2009,304.96
26-11-2009,250.07
25-11-2009,185.17
24-11-2009,201.32
23-11-2009,193.88
20-11-2009,289.28
19-11-2009,286.2
18-11-2009,204.35
17-11-2009,211.03
16-11-2009,218.55
13-11-2009,217.42
12-11-2009,282.05
11-11-2009,251.12
10-11-2009,273.28
09-11-2009,242.56
06-11-2009,279.5
05-11-2009,337.19
04-11-2009,342.88
03-11-2009,319.39
30-10-2009,321.18
29-10-2009,354.05
28-10-2009,291.61
27-10-2009,324.13
26-10-2009,201.76
23-10-2009,223.34
22-10-2009,219.15
21-10-2009,206.63
20-10-2009,199.62
17-10-2009,41.29
16-10-2009,208.18
15-10-2009,258.1
14-10-2009,243.36
12-10-2009,187.3
09-10-2009,215.44
08-10-2009,294.68
07-10-2009,266.22
06-10-2009,367.28
05-10-2009,239.34
01-10-2009,224.76
30-09-2009,184.79
29-09-2009,174.8
25-09-2009,179.96
24-09-2009,266.93
23-09-2009,213.35
22-09-2009,189.01
18-09-2009,222.1
17-09-2009,270.02
16-09-2009,240.1
15-09-2009,215.33
14-09-2009,168.56
11-09-2009,236.39
10-09-2009,235.71
09-09-2009,239.16
08-09-2009,310.69
07-09-2009,243.16
04-09-2009,243.56
03-09-2009,245.96
02-09-2009,265.75
01-09-2009,332.64
31-08-2009,355.95
28-08-2009,285.8
27-08-2009,231.0
26-08-2009,208.84
25-08-2009,249.0
24-08-2009,207.9
21-08-2009,185.7
20-08-2009,166.6
19-08-2009,254.67
18-08-2009,265.22
17-08-2009,252.33
14-08-2009,222.99
13-08-2009,253.54
12-08-2009,274.15
11-08-2009,250.13
10-08-2009,284.08
07-08-2009,266.87
06-08-2009,278.15
05-08-2009,244.64
04-08-2009,322.87
03-08-2009,277.0
31-07-2009,300.44
30-07-2009,338.98
29-07-2009,368.04
28-07-2009,382.34
27-07-2009,277.02
24-07-2009,351.26
23-07-2009,273.05
22-07-2009,337.8
21-07-2009,311.98
20-07-2009,280.31
17-07-2009,250.23
16-07-2009,292.29
15-07-2009,254.61
14-07-2009,242.08
13-07-2009,273.19
10-07-2009,303.0
09-07-2009,406.36
08-07-2009,339.58
07-07-2009,290.92
06-07-2009,365.74
03-07-2009,224.68
02-07-2009,259.08
01-07-2009,289.98
30-06-2009,336.65
29-06-2009,293.32
26-06-2009,284.57
25-06-2009,407.99
24-06-2009,311.2
23-06-2009,339.99
22-06-2009,270.81
19-06-2009,350.07
18-06-2009,373.4
17-06-2009,339.45
16-06-2009,320.01
15-06-2009,322.45
12-06-2009,351.58
11-06-2009,391.6
10-06-2009,392.19
09-06-2009,414.28
08-06-2009,370.09
05-06-2009,409.91
04-06-2009,424.05
03-06-2009,415.83
02-06-2009,396.33
01-06-2009,464.26
29-05-2009,506.8
28-05-2009,460.44
27-05-2009,353.5
26-05-2009,308.74
25-05-2009,299.3
22-05-2009,284.16
21-05-2009,353.07
20-05-2009,471.34
19-05-2009,670.98
18-05-2009,2.77
15-05-2009,300.88
14-05-2009,288.15
13-05-2009,354.31
12-05-2009,366.06
11-05-2009,285.34
08-05-2009,291.29
07-05-2009,326.3
06-05-2009,408.1
05-05-2009,442.07
04-05-2009,363.87
29-04-2009,483.58
28-04-2009,287.14
27-04-2009,315.94
24-04-2009,306.13
23-04-2009,312.63
22-04-2009,327.29
21-04-2009,344.67
20-04-2009,341.8
17-04-2009,491.16
16-04-2009,559.55
15-04-2009,458.49
13-04-2009,331.53
09-04-2009,414.64
08-04-2009,409.03
06-04-2009,357.07
02-04-2009,370.84
01-04-2009,319.35
31-03-2009,341.4
30-03-2009,275.78
27-03-2009,323.36
26-03-2009,416.18
25-03-2009,383.65
24-03-2009,383.08
23-03-2009,250.48
20-03-2009,186.84
19-03-2009,223.41
18-03-2009,261.79
17-03-2009,288.78
16-03-2009,263.13
13-03-2009,263.89
12-03-2009,213.79
09-03-2009,166.41
06-03-2009,242.51
05-03-2009,244.86
04-03-2009,202.95
03-03-2009,217.64
02-03-2009,194.23
27-02-2009,231.16
26-02-2009,250.17
25-02-2009,176.81
24-02-2009,182.64
20-02-2009,154.75
19-02-2009,174.59
18-02-2009,214.16
17-02-2009,191.43
16-02-2009,244.94
13-02-2009,195.72
12-02-2009,214.71
11-02-2009,243.27
10-02-2009,301.75
09-02-2009,117.64
06-02-2009,187.96
05-02-2009,178.48
04-02-2009,204.15
03-02-2009,252.55
02-02-2009,234.94
30-01-2009,295.0
29-01-2009,330.75
28-01-2009,274.48
27-01-2009,218.65
23-01-2009,211.29
22-01-2009,229.57
21-01-2009,220.07
20-01-2009,233.29
19-01-2009,328.34
16-01-2009,229.5
15-01-2009,214.28
14-01-2009,217.3
13-01-2009,252.7
12-01-2009,382.11
09-01-2009,591.98
07-01-2009,686.89
06-01-2009,340.45
05-01-2009,311.93
02-01-2009,318.67
01-01-2009,226.68
31-12-2008,288.83
30-12-2008,302.75
29-12-2008,335.17
26-12-2008,237.94
24-12-2008,380.46
23-12-2008,303.13
22-12-2008,315.83
19-12-2008,386.31
18-12-2008,377.03
17-12-2008,344.62
16-12-2008,270.62
15-12-2008,293.74
12-12-2008,38.34
11-12-2008,352.21
10-12-2008,370.6
08-12-2008,311.4
05-12-2008,319.25
04-12-2008,324.14
03-12-2008,282.54
02-12-2008,261.05
01-12-2008,257.84
28-11-2008,296.32
26-11-2008,269.95
25-11-2008,214.27
24-11-2008,236.73
21-11-2008,281.16
20-11-2008,204.79
19-11-2008,230.51
18-11-2008,220.18
17-11-2008,251.22
14-11-2008,256.74
12-11-2008,250.46
11-11-2008,221.65
10-11-2008,250.7
07-11-2008,246.64
06-11-2008,268.18
05-11-2008,305.69
04-11-2008,304.61
03-11-2008,240.43
31-10-2008,320.46
29-10-2008,361.64
28-10-2008,512.06
27-10-2008,341.12
24-10-2008,348.59
23-10-2008,234.03
22-10-2008,171.32
21-10-2008,225.59
20-10-2008,185.82
17-10-2008,193.32
16-10-2008,234.08
15-10-2008,163.72
14-10-2008,177.53
13-10-2008,195.17
10-10-2008,283.84
08-10-2008,228.58
07-10-2008,210.22
06-10-2008,157.49
03-10-2008,172.52
01-10-2008,149.83
30-09-2008,217.1
29-09-2008,187.24
26-09-2008,133.85
25-09-2008,217.96
24-09-2008,156.07
23-09-2008,125.53
22-09-2008,136.0
19-09-2008,205.15
18-09-2008,203.05
17-09-2008,153.24
16-09-2008,159.5
15-09-2008,147.16
12-09-2008,145.75
11-09-2008,116.72
10-09-2008,134.79
09-09-2008,95.55
08-09-2008,117.22
05-09-2008,108.53
04-09-2008,114.63
02-09-2008,129.29
01-09-2008,82.97
29-08-2008,111.46
28-08-2008,160.48
27-08-2008,84.38
26-08-2008,86.26
25-08-2008,79.24
22-08-2008,101.44
21-08-2008,91.31
20-08-2008,89.4
19-08-2008,96.48
18-08-2008,96.2
14-08-2008,94.98
13-08-2008,105.39
12-08-2008,123.23
11-08-2008,112.94
08-08-2008,114.2
07-08-2008,133.71
06-08-2008,175.5
05-08-2008,193.93
04-08-2008,131.34
01-08-2008,178.08
31-07-2008,199.68
30-07-2008,151.94
29-07-2008,125.81
28-07-2008,111.11
25-07-2008,161.63
24-07-2008,176.95
23-07-2008,233.62
22-07-2008,165.65
21-07-2008,136.66
18-07-2008,175.07
17-07-2008,179.94
16-07-2008,175.51
15-07-2008,141.87
14-07-2008,125.91
11-07-2008,136.82
10-07-2008,146.41
09-07-2008,144.53
08-07-2008,135.09
07-07-2008,125.74
04-07-2008,152.04
03-07-2008,154.49
02-07-2008,199.76
01-07-2008,164.47
30-06-2008,144.49
27-06-2008,177.16
26-06-2008,195.95
25-06-2008,151.94
24-06-2008,132.37
23-06-2008,126.31
20-06-2008,133.1
19-06-2008,102.14
18-06-2008,136.86
17-06-2008,107.12
16-06-2008,111.42
13-06-2008,139.53
12-06-2008,163.97
11-06-2008,166.12
10-06-2008,165.41
09-06-2008,175.25
06-06-2008,132.09
05-06-2008,168.87
04-06-2008,154.82
03-06-2008,140.73
02-06-2008,118.4
30-05-2008,138.62
29-05-2008,194.9
28-05-2008,140.74
27-05-2008,120.4
26-05-2008,124.35
23-05-2008,152.37
22-05-2008,113.5
21-05-2008,163.03
20-05-2008,157.36
16-05-2008,153.2
15-05-2008,150.79
14-05-2008,147.69
13-05-2008,158.38
12-05-2008,150.7
09-05-2008,142.29
08-05-2008,127.17
07-05-2008,153.38
06-05-2008,131.31
05-05-2008,125.63
02-05-2008,131.24
30-04-2008,146.21
29-04-2008,214.91
28-04-2008,110.78
25-04-2008,134.45
24-04-2008,154.29
23-04-2008,144.56
22-04-2008,126.75
21-04-2008,110.42
17-04-2008,135.28
16-04-2008,137.21
15-04-2008,152.08
11-04-2008,132.77
10-04-2008,150.14
09-04-2008,101.41
08-04-2008,113.75
07-04-2008,124.93
04-04-2008,131.51
03-04-2008,124.59
02-04-2008,114.66
01-04-2008,119.88
31-03-2008,147.2
28-03-2008,162.59
27-03-2008,180.12
26-03-2008,126.1
25-03-2008,142.37
24-03-2008,123.98
19-03-2008,158.51
18-03-2008,169.44
17-03-2008,143.35
14-03-2008,135.57
13-03-2008,137.64
12-03-2008,135.04
11-03-2008,158.76
10-03-2008,155.88
07-03-2008,145.78
05-03-2008,114.72
04-03-2008,150.84
03-03-2008,150.74
29-02-2008,165.09
28-02-2008,107.98
27-02-2008,89.57
26-02-2008,86.1
25-02-2008,78.36
22-02-2008,72.07
21-02-2008,89.88
20-02-2008,89.87
19-02-2008,88.67
18-02-2008,77.58
15-02-2008,110.54
14-02-2008,106.43
13-02-2008,104.07
12-02-2008,102.36
11-02-2008,125.73
08-02-2008,108.95
07-02-2008,103.09
06-02-2008,106.12
05-02-2008,96.49
04-02-2008,105.72
01-02-2008,106.7
31-01-2008,187.49
30-01-2008,101.26
29-01-2008,98.43
28-01-2008,94.47
25-01-2008,105.88
24-01-2008,145.35
23-01-2008,172.63
22-01-2008,200.6
21-01-2008,211.34
18-01-2008,135.74
17-01-2008,127.18
16-01-2008,152.5
15-01-2008,117.68
14-01-2008,110.91
11-01-2008,125.14
10-01-2008,133.66
09-01-2008,120.85
08-01-2008,162.56
07-01-2008,139.61
04-01-2008,147.63
03-01-2008,156.36
02-01-2008,110.35
01-01-2008,81.31
31-12-2007,85.02
28-12-2007,79.58
27-12-2007,149.99
26-12-2007,90.83
24-12-2007,100.42
20-12-2007,79.15
19-12-2007,88.36
18-12-2007,109.46
17-12-2007,108.21
14-12-2007,100.56
13-12-2007,120.31
12-12-2007,130.76
11-12-2007,115.31
10-12-2007,86.34
07-12-2007,123.11
06-12-2007,154.95
05-12-2007,120.15
04-12-2007,107.5
03-12-2007,111.92
30-11-2007,170.46
29-11-2007,301.03
28-11-2007,97.58
27-11-2007,96.31
26-11-2007,127.1
23-11-2007,102.01
22-11-2007,149.03
21-11-2007,129.73
20-11-2007,127.22
19-11-2007,104.83
16-11-2007,129.79
15-11-2007,146.64
14-11-2007,173.24
13-11-2007,156.34
12-11-2007,138.68
09-11-2007,213.9
08-11-2007,141.33
07-11-2007,171.69
06-11-2007,244.85
05-11-2007,169.01
02-11-2007,164.84
01-11-2007,270.2
31-10-2007,168.16
30-10-2007,176.83
29-10-2007,173.58
26-10-2007,164.4
25-10-2007,188.74
24-10-2007,166.88
23-10-2007,145.84
22-10-2007,131.8
19-10-2007,181.01
18-10-2007,202.75
17-10-2007,186.85
16-10-2007,174.11
15-10-2007,160.99
12-10-2007,174.47
11-10-2007,130.84
10-10-2007,184.94
09-10-2007,139.86
08-10-2007,111.43
05-10-2007,93.29
04-10-2007,127.31
03-10-2007,187.72
01-10-2007,132.21
28-09-2007,137.76
27-09-2007,172.14
26-09-2007,117.67
25-09-2007,140.29
24-09-2007,147.58
21-09-2007,161.39
20-09-2007,93.97
19-09-2007,108.52
18-09-2007,56.39
17-09-2007,51.25
14-09-2007,71.2
13-09-2007,59.33
12-09-2007,66.79
11-09-2007,80.05
10-09-2007,68.94
07-09-2007,58.01
06-09-2007,60.55
05-09-2007,73.8
04-09-2007,72.43
03-09-2007,82.24
31-08-2007,83.58
30-08-2007,128.1
29-08-2007,85.95
28-08-2007,62.0
27-08-2007,62.77
24-08-2007,63.18
23-08-2007,94.0
22-08-2007,88.28
21-08-2007,75.55
20-08-2007,68.78
17-08-2007,135.96
16-08-2007,96.56
14-08-2007,43.44
13-08-2007,49.07
10-08-2007,81.66
09-08-2007,78.45
08-08-2007,68.39
07-08-2007,62.46
06-08-2007,63.59
03-08-2007,62.86
02-08-2007,71.07
01-08-2007,104.23
31-07-2007,84.26
30-07-2007,94.93
27-07-2007,134.57
26-07-2007,128.9
25-07-2007,108.55
24-07-2007,81.34
23-07-2007,76.3
20-07-2007,87.67
19-07-2007,84.0
18-07-2007,78.47
17-07-2007,98.18
16-07-2007,100.8
13-07-2007,126.46
12-07-2007,94.21
11-07-2007,77.61
10-07-2007,72.59
09-07-2007,59.06
06-07-2007,83.29
05-07-2007,63.67
04-07-2007,62.53
03-07-2007,60.04
02-07-2007,64.31
29-06-2007,72.07
28-06-2007,117.44
27-06-2007,76.76
26-06-2007,78.18
25-06-2007,75.53
22-06-2007,65.62
21-06-2007,71.84
20-06-2007,65.96
19-06-2007,56.23
18-06-2007,51.44
15-06-2007,62.45
14-06-2007,62.82
13-06-2007,63.99
12-06-2007,73.32
11-06-2007,82.51
08-06-2007,101.08
07-06-2007,85.73
06-06-2007,83.44
05-06-2007,77.38
04-06-2007,81.07
01-06-2007,72.92
31-05-2007,105.56
30-05-2007,88.08
29-05-2007,70.65
28-05-2007,82.69
25-05-2007,87.03
24-05-2007,79.31
23-05-2007,84.52
22-05-2007,85.01
21-05-2007,92.55
18-05-2007,68.6
17-05-2007,91.72
16-05-2007,86.97
15-05-2007,82.69
14-05-2007,95.13
11-05-2007,101.59
10-05-2007,74.02
09-05-2007,65.55
08-05-2007,71.94
07-05-2007,62.92
04-05-2007,67.37
03-05-2007,79.37
30-04-2007,74.1
27-04-2007,83.11
26-04-2007,111.62
25-04-2007,96.19
24-04-2007,101.66
23-04-2007,85.68
20-04-2007,96.49
19-04-2007,75.74
18-04-2007,73.77
17-04-2007,83.03
16-04-2007,85.02
13-04-2007,89.06
12-04-2007,69.27
11-04-2007,89.11
10-04-2007,77.79
09-04-2007,65.5
05-04-2007,75.32
04-04-2007,73.93
03-04-2007,63.21
02-04-2007,74.49
30-03-2007,75.88
29-03-2007,106.71
28-03-2007,78.53
26-03-2007,66.32
23-03-2007,85.38
22-03-2007,89.0
21-03-2007,72.87
20-03-2007,69.48
19-03-2007,45.71
16-03-2007,60.52
15-03-2007,73.33
14-03-2007,82.02
13-03-2007,76.58
12-03-2007,89.73
09-03-2007,114.55
08-03-2007,100.82
07-03-2007,92.65
06-03-2007,94.56
05-03-2007,110.23
02-03-2007,96.44
01-03-2007,108.27
28-02-2007,142.56
27-02-2007,75.81
26-02-2007,85.99
23-02-2007,91.14
22-02-2007,120.63
21-02-2007,72.02
20-02-2007,63.12
19-02-2007,59.42
15-02-2007,76.58
14-02-2007,81.14
13-02-2007,97.84
12-02-2007,91.39
09-02-2007,64.63
08-02-2007,69.43
07-02-2007,66.59
06-02-2007,63.99
05-02-2007,61.38
02-02-2007,92.51
01-02-2007,72.95
31-01-2007,114.99
29-01-2007,93.76
25-01-2007,129.98
24-01-2007,87.86
23-01-2007,79.68
22-01-2007,63.74
19-01-2007,85.56
18-01-2007,74.49
17-01-2007,58.85
16-01-2007,57.53
15-01-2007,81.53
12-01-2007,80.31
11-01-2007,78.77
10-01-2007,68.21
09-01-2007,65.32
08-01-2007,62.68
05-01-2007,68.6
04-01-2007,67.1
03-01-2007,63.83
02-01-2007,40.79
29-12-2006,46.46
28-12-2006,82.84
27-12-2006,54.7
26-12-2006,45.45
22-12-2006,50.85
21-12-2006,57.3
20-12-2006,81.92
19-12-2006,75.19
18-12-2006,72.04
15-12-2006,90.96
14-12-2006,72.36
13-12-2006,93.07
12-12-2006,103.19
11-12-2006,77.13
08-12-2006,53.68
07-12-2006,52.64
06-12-2006,65.43
05-12-2006,64.66
04-12-2006,53.82
01-12-2006,58.09
30-11-2006,92.62
29-11-2006,59.75
28-11-2006,59.71
27-11-2006,48.83
24-11-2006,67.03
23-11-2006,64.56
22-11-2006,75.05
21-11-2006,67.08
20-11-2006,83.24
17-11-2006,77.63
16-11-2006,79.98
15-11-2006,68.56
14-11-2006,68.08
13-11-2006,55.67
10-11-2006,70.38
09-11-2006,71.62
08-11-2006,81.19
07-11-2006,71.44
06-11-2006,68.78
03-11-2006,61.16
02-11-2006,57.71
01-11-2006,70.55
31-10-2006,87.73
30-10-2006,85.37
27-10-2006,80.86
26-10-2006,97.31
23-10-2006,45.31
20-10-2006,71.91
19-10-2006,87.37
18-10-2006,98.32
17-10-2006,72.71
16-10-2006,74.44
13-10-2006,77.58
12-10-2006,67.08
11-10-2006,64.73
10-10-2006,61.18
09-10-2006,52.25
06-10-2006,83.45
05-10-2006,74.9
04-10-2006,68.28
03-10-2006,55.66
29-09-2006,58.34
28-09-2006,82.6
27-09-2006,65.27
26-09-2006,67.28
25-09-2006,59.72
22-09-2006,60.15
21-09-2006,65.97
20-09-2006,62.44
19-09-2006,69.74
18-09-2006,60.73
15-09-2006,71.32
14-09-2006,68.36
13-09-2006,71.1
12-09-2006,80.29
11-09-2006,77.97
08-09-2006,75.3
07-09-2006,61.58
06-09-2006,64.63
05-09-2006,49.64
04-09-2006,55.8
01-09-2006,69.84
31-08-2006,98.62
30-08-2006,61.67
29-08-2006,60.67
28-08-2006,46.75
25-08-2006,68.46
24-08-2006,70.8
23-08-2006,52.06
22-08-2006,58.62
21-08-2006,48.94
18-08-2006,57.03
17-08-2006,72.57
16-08-2006,69.2
14-08-2006,51.6
11-08-2006,63.5
10-08-2006,59.29
09-08-2006,71.78
08-08-2006,52.27
07-08-2006,50.26
04-08-2006,69.53
03-08-2006,69.09
02-08-2006,55.48
01-08-2006,57.03
31-07-2006,61.68
28-07-2006,81.28
27-07-2006,106.69
26-07-2006,77.14
25-07-2006,70.65
24-07-2006,78.14
21-07-2006,74.88
20-07-2006,77.71
19-07-2006,79.09
18-07-2006,70.49
17-07-2006,60.05
14-07-2006,61.51
13-07-2006,81.62
12-07-2006,93.62
11-07-2006,66.34
10-07-2006,65.28
07-07-2006,90.06
06-07-2006,74.89
05-07-2006,90.42
04-07-2006,66.68
03-07-2006,66.6
30-06-2006,98.68
29-06-2006,110.79
28-06-2006,84.9
27-06-2006,116.75
26-06-2006,87.44
25-06-2006,12.07
23-06-2006,86.9
22-06-2006,81.03
21-06-2006,81.73
20-06-2006,85.07
19-06-2006,75.18
16-06-2006,117.62
15-06-2006,88.84
14-06-2006,98.86
13-06-2006,85.46
12-06-2006,78.19
09-06-2006,101.5
08-06-2006,133.61
07-06-2006,122.68
06-06-2006,98.82
05-06-2006,88.21
02-06-2006,106.18
01-06-2006,112.88
31-05-2006,119.37
30-05-2006,69.35
29-05-2006,73.01
26-05-2006,105.52
25-05-2006,154.24
24-05-2006,134.54
23-05-2006,114.89
22-05-2006,145.3
19-05-2006,143.37
18-05-2006,137.04
17-05-2006,99.89
16-05-2006,139.75
15-05-2006,125.34
12-05-2006,94.03
11-05-2006,77.73
10-05-2006,93.51
09-05-2006,83.89
08-05-2006,70.29
05-05-2006,106.75
04-05-2006,100.11
03-05-2006,95.59
02-05-2006,108.35
28-04-2006,108.82
27-04-2006,148.89
26-04-2006,90.64
25-04-2006,83.49
24-04-2006,90.79
21-04-2006,133.26
20-04-2006,113.7
19-04-2006,119.07
18-04-2006,103.92
17-04-2006,94.14
13-04-2006,129.12
12-04-2006,124.25
10-04-2006,104.98
07-04-2006,137.09
05-04-2006,79.38
04-04-2006,91.64
03-04-2006,73.25
31-03-2006,93.48
30-03-2006,146.86
29-03-2006,97.38
28-03-2006,96.28
27-03-2006,116.36
24-03-2006,127.06
23-03-2006,119.52
22-03-2006,82.46
21-03-2006,88.11
20-03-2006,74.74
17-03-2006,84.41
16-03-2006,85.1
14-03-2006,80.72
13-03-2006,71.71
10-03-2006,87.82
09-03-2006,91.56
08-03-2006,104.39
07-03-2006,85.34
06-03-2006,70.23
03-03-2006,68.56
02-03-2006,117.84
01-03-2006,96.24
28-02-2006,101.52
27-02-2006,53.58
24-02-2006,61.84
23-02-2006,108.54
22-02-2006,56.29
21-02-2006,59.63
20-02-2006,61.7
17-02-2006,80.25
16-02-2006,77.74
15-02-2006,90.34
14-02-2006,86.85
13-02-2006,66.17
10-02-2006,77.23
08-02-2006,72.21
07-02-2006,84.82
06-02-2006,70.48
03-02-2006,62.88
02-02-2006,80.52
01-02-2006,87.16
31-01-2006,74.3
30-01-2006,99.4
27-01-2006,115.08
25-01-2006,97.13
24-01-2006,67.19
23-01-2006,65.13
20-01-2006,73.7
19-01-2006,69.43
18-01-2006,119.05
17-01-2006,95.1
16-01-2006,57.83
13-01-2006,66.17
12-01-2006,92.18
10-01-2006,71.12
09-01-2006,74.82
06-01-2006,83.35
05-01-2006,70.08
04-01-2006,82.02
03-01-2006,56.92
02-01-2006,51.92
30-12-2005,76.05
29-12-2005,79.24
28-12-2005,73.93
27-12-2005,58.76
26-12-2005,57.49
23-12-2005,65.18
22-12-2005,66.79
21-12-2005,123.43
20-12-2005,74.98
19-12-2005,77.02
16-12-2005,88.27
15-12-2005,92.7
14-12-2005,122.65
13-12-2005,93.13
12-12-2005,75.29
09-12-2005,76.48
08-12-2005,70.17
07-12-2005,66.55
06-12-2005,56.61
05-12-2005,62.68
02-12-2005,79.8
01-12-2005,74.05
30-11-2005,82.03
29-11-2005,78.58
28-11-2005,83.65
26-11-2005,25.54
25-11-2005,74.96
24-11-2005,98.4
23-11-2005,70.84
22-11-2005,67.63
21-11-2005,74.8
18-11-2005,81.69
17-11-2005,66.44
16-11-2005,59.71
14-11-2005,70.31
11-11-2005,72.47
10-11-2005,64.92
09-11-2005,73.9
08-11-2005,79.72
07-11-2005,79.27
02-11-2005,82.54
01-11-2005,18.75
31-10-2005,69.8
28-10-2005,84.57
27-10-2005,125.29
26-10-2005,91.1
25-10-2005,85.09
24-10-2005,80.24
21-10-2005,97.46
20-10-2005,114.28
19-10-2005,93.29
18-10-2005,77.32
17-10-2005,77.0
14-10-2005,91.44
13-10-2005,95.74
11-10-2005,71.47
10-10-2005,61.31
07-10-2005,92.77
06-10-2005,107.14
05-10-2005,87.71
04-10-2005,76.75
03-10-2005,64.62
30-09-2005,88.16
29-09-2005,118.32
28-09-2005,75.64
27-09-2005,80.84
26-09-2005,61.92
23-09-2005,84.22
22-09-2005,103.32
21-09-2005,108.7
20-09-2005,77.24
19-09-2005,63.88
16-09-2005,63.66
15-09-2005,62.95
14-09-2005,82.09
13-09-2005,54.88
12-09-2005,44.83
09-09-2005,47.67
08-09-2005,46.07
06-09-2005,47.41
05-09-2005,50.52
02-09-2005,61.34
01-09-2005,59.76
31-08-2005,50.12
30-08-2005,46.97
29-08-2005,41.87
26-08-2005,47.58
25-08-2005,78.54
24-08-2005,68.32
23-08-2005,57.19
22-08-2005,55.93
19-08-2005,47.52
18-08-2005,63.48
17-08-2005,61.48
16-08-2005,59.05
12-08-2005,71.14
11-08-2005,93.59
10-08-2005,81.81
09-08-2005,93.65
08-08-2005,97.37
05-08-2005,114.26
04-08-2005,91.95
03-08-2005,102.04
02-08-2005,81.64
01-08-2005,59.15
29-07-2005,111.82
27-07-2005,70.68
26-07-2005,98.68
25-07-2005,81.36
22-07-2005,57.71
21-07-2005,60.77
20-07-2005,56.89
19-07-2005,51.11
18-07-2005,55.02
15-07-2005,57.48
14-07-2005,65.04
13-07-2005,74.23
12-07-2005,71.61
11-07-2005,54.41
08-07-2005,48.32
07-07-2005,60.52
06-07-2005,51.43
05-07-2005,55.52
04-07-2005,49.16
01-07-2005,54.59
30-06-2005,82.21
29-06-2005,58.64
28-06-2005,73.42
27-06-2005,93.01
24-06-2005,57.56
23-06-2005,62.65
22-06-2005,87.46
21-06-2005,68.99
20-06-2005,92.37
17-06-2005,43.86
16-06-2005,65.29
15-06-2005,44.58
14-06-2005,38.61
13-06-2005,38.79
10-06-2005,49.03
09-06-2005,53.92
08-06-2005,49.63
07-06-2005,36.01
06-06-2005,42.75
04-06-2005,22.47
03-06-2005,52.18
02-06-2005,50.47
01-06-2005,58.9
31-05-2005,45.87
30-05-2005,54.67
27-05-2005,73.79
26-05-2005,88.19
25-05-2005,76.58
24-05-2005,56.76
23-05-2005,37.69
20-05-2005,41.64
19-05-2005,42.63
18-05-2005,51.57
17-05-2005,48.67
16-05-2005,38.02
13-05-2005,36.65
12-05-2005,36.13
11-05-2005,44.57
10-05-2005,56.04
09-05-2005,51.49
06-05-2005,52.72
05-05-2005,53.02
04-05-2005,48.18
03-05-2005,51.92
02-05-2005,60.56
29-04-2005,64.31
28-04-2005,82.33
27-04-2005,62.04
26-04-2005,51.3
25-04-2005,53.65
22-04-2005,55.29
21-04-2005,58.53
20-04-2005,74.6
19-04-2005,61.37
18-04-2005,70.75
15-04-2005,64.72
13-04-2005,44.91
12-04-2005,35.57
11-04-2005,38.49
08-04-2005,42.15
07-04-2005,48.15
06-04-2005,53.94
05-04-2005,54.69
04-04-2005,64.43
01-04-2005,63.21
31-03-2005,91.75
30-03-2005,69.95
29-03-2005,69.69
28-03-2005,51.85
24-03-2005,70.93
23-03-2005,91.45
22-03-2005,57.63
21-03-2005,62.13
18-03-2005,83.95
17-03-2005,62.05
16-03-2005,75.51
15-03-2005,60.05
14-03-2005,73.88
11-03-2005,70.47
10-03-2005,61.89
09-03-2005,81.07
08-03-2005,78.38
07-03-2005,86.79
04-03-2005,78.28
03-03-2005,84.3
02-03-2005,78.6
01-03-2005,71.29
28-02-2005,103.14
25-02-2005,66.31
24-02-2005,76.5
23-02-2005,52.49
22-02-2005,51.9
21-02-2005,46.92
18-02-2005,63.67
17-02-2005,63.85
16-02-2005,68.53
15-02-2005,60.94
14-02-2005,86.45
11-02-2005,84.99
10-02-2005,69.89
09-02-2005,68.24
08-02-2005,74.19
07-02-2005,62.13
04-02-2005,79.16
03-02-2005,78.1
02-02-2005,89.99
01-02-2005,135.57
31-01-2005,137.98
28-01-2005,106.73
27-01-2005,135.72
25-01-2005,88.57
24-01-2005,74.82
20-01-2005,96.6
19-01-2005,94.22
18-01-2005,91.87
17-01-2005,82.25
14-01-2005,86.21
13-01-2005,80.9
12-01-2005,85.04
11-01-2005,70.27
10-01-2005,75.66
07-01-2005,76.29
06-01-2005,94.32
05-01-2005,109.22
04-01-2005,72.72
03-01-2005,70.51
31-12-2004,60.14
30-12-2004,79.26
29-12-2004,68.72
28-12-2004,85.66
27-12-2004,73.52
24-12-2004,68.45
23-12-2004,57.03
22-12-2004,75.62
21-12-2004,73.29
20-12-2004,83.22
17-12-2004,86.24
16-12-2004,76.51
15-12-2004,86.23
14-12-2004,80.09
13-12-2004,68.23
10-12-2004,86.93
09-12-2004,87.02
08-12-2004,101.91
07-12-2004,91.43
06-12-2004,103.22
03-12-2004,111.13
02-12-2004,131.75
01-12-2004,114.58
30-11-2004,119.05
29-11-2004,110.66
25-11-2004,105.46
24-11-2004,65.67
23-11-2004,82.13
22-11-2004,73.28
19-11-2004,83.05
18-11-2004,91.09
17-11-2004,77.65
16-11-2004,68.6
12-11-2004,21.42
11-11-2004,58.87
10-11-2004,71.71
09-11-2004,63.3
08-11-2004,63.02
05-11-2004,63.62
04-11-2004,85.03
03-11-2004,86.22
02-11-2004,76.29
01-11-2004,79.01
29-10-2004,125.11
28-10-2004,113.06
27-10-2004,87.52
26-10-2004,99.73
25-10-2004,78.09
21-10-2004,69.15
20-10-2004,80.48
19-10-2004,73.75
18-10-2004,64.34
15-10-2004,82.58
14-10-2004,96.79
12-10-2004,87.63
11-10-2004,71.94
09-10-2004,25.8
08-10-2004,94.3
07-10-2004,90.73
06-10-2004,106.35
05-10-2004,96.08
04-10-2004,94.39
01-10-2004,95.83
30-09-2004,125.09
29-09-2004,144.12
28-09-2004,98.87
27-09-2004,81.16
24-09-2004,101.67
23-09-2004,142.29
22-09-2004,123.81
21-09-2004,122.45
20-09-2004,132.55
17-09-2004,159.7
16-09-2004,139.09
15-09-2004,104.92
14-09-2004,90.53
13-09-2004,81.53
10-09-2004,78.6
09-09-2004,86.88
08-09-2004,75.59
07-09-2004,73.2
06-09-2004,68.88
03-09-2004,81.21
02-09-2004,73.76
01-09-2004,80.87
31-08-2004,92.19
30-08-2004,62.84
27-08-2004,66.37
26-08-2004,96.02
25-08-2004,70.78
24-08-2004,94.2
23-08-2004,128.55
20-08-2004,108.92
19-08-2004,111.17
18-08-2004,105.91
17-08-2004,139.52
16-08-2004,142.52
13-08-2004,110.48
12-08-2004,125.12
11-08-2004,138.8
10-08-2004,120.5
09-08-2004,107.65
06-08-2004,141.54
05-08-2004,134.33
04-08-2004,105.08
03-08-2004,135.83
02-08-2004,96.48
30-07-2004,151.0
29-07-2004,167.18
28-07-2004,147.02
27-07-2004,167.54
26-07-2004,138.96
23-07-2004,152.83
22-07-2004,170.68
21-07-2004,112.76
20-07-2004,121.19
19-07-2004,112.37
16-07-2004,138.32
15-07-2004,141.17
14-07-2004,110.0
13-07-2004,79.36
12-07-2004,82.41
09-07-2004,104.35
08-07-2004,204.44
07-07-2004,159.59
06-07-2004,131.32
05-07-2004,101.16
02-07-2004,127.49
01-07-2004,113.01
30-06-2004,132.03
29-06-2004,135.42
28-06-2004,127.92
25-06-2004,148.72
24-06-2004,136.46
23-06-2004,102.7
22-06-2004,90.06
21-06-2004,80.29
18-06-2004,89.86
17-06-2004,88.06
16-06-2004,88.67
15-06-2004,97.74
14-06-2004,96.83
11-06-2004,85.74
10-06-2004,78.63
09-06-2004,93.46
08-06-2004,91.17
07-06-2004,105.18
04-06-2004,106.87
03-06-2004,112.5
02-06-2004,87.16
01-06-2004,107.05
31-05-2004,127.19
28-05-2004,134.3
27-05-2004,101.14
26-05-2004,101.45
25-05-2004,101.37
24-05-2004,93.13
21-05-2004,113.12
20-05-2004,134.94
19-05-2004,141.94
18-05-2004,148.41
17-05-2004,114.97
14-05-2004,177.16
13-05-2004,155.58
12-05-2004,106.58
11-05-2004,98.6
10-05-2004,98.0
07-05-2004,84.07
06-05-2004,83.79
05-05-2004,76.7
04-05-2004,89.71
03-05-2004,105.96
30-04-2004,105.82
29-04-2004,136.95
28-04-2004,117.15
27-04-2004,120.42
23-04-2004,127.54
22-04-2004,116.78
21-04-2004,114.89
20-04-2004,102.77
19-04-2004,93.08
17-04-2004,23.01
16-04-2004,83.29
15-04-2004,112.26
13-04-2004,85.83
12-04-2004,80.21
08-04-2004,93.98
07-04-2004,86.26
06-04-2004,109.41
05-04-2004,102.6
02-04-2004,118.74
01-04-2004,111.07
31-03-2004,93.07
30-03-2004,88.67
29-03-2004,81.09
26-03-2004,107.61
25-03-2004,108.54
24-03-2004,88.91
23-03-2004,99.2
22-03-2004,89.14
19-03-2004,98.83
18-03-2004,99.55
17-03-2004,98.29
16-03-2004,145.24
15-03-2004,134.13
12-03-2004,126.01
11-03-2004,116.66
10-03-2004,131.85
09-03-2004,127.69
08-03-2004,129.1
05-03-2004,116.41
04-03-2004,112.52
03-03-2004,133.76
01-03-2004,113.7
27-02-2004,128.74
26-02-2004,114.14
25-02-2004,102.77
24-02-2004,132.74
23-02-2004,99.79
20-02-2004,130.22
19-02-2004,140.47
18-02-2004,109.07
17-02-2004,122.68
16-02-2004,116.67
13-02-2004,123.51
12-02-2004,109.93
11-02-2004,110.96
10-02-2004,130.43
09-02-2004,102.13
06-02-2004,119.13
05-02-2004,152.93
04-02-2004,152.46
03-02-2004,142.15
30-01-2004,137.22
29-01-2004,158.14
28-01-2004,153.54
27-01-2004,127.78
23-01-2004,130.36
22-01-2004,164.35
21-01-2004,142.24
20-01-2004,137.95
19-01-2004,120.7
16-01-2004,122.46
15-01-2004,121.99
14-01-2004,113.21
13-01-2004,109.88
12-01-2004,116.68
09-01-2004,153.06
08-01-2004,115.68
07-01-2004,119.2
06-01-2004,124.02
05-01-2004,129.7
02-01-2004,117.08
01-01-2004,102.55
31-12-2003,114.77
30-12-2003,149.04
29-12-2003,98.55
26-12-2003,114.22
24-12-2003,135.0
23-12-2003,85.98
22-12-2003,93.94
19-12-2003,140.66
18-12-2003,114.57
17-12-2003,101.35
16-12-2003,105.56
15-12-2003,99.58
12-12-2003,95.31
11-12-2003,85.83
10-12-2003,102.33
09-12-2003,82.35
08-12-2003,95.77
05-12-2003,100.93
04-12-2003,103.57
03-12-2003,97.02
02-12-2003,117.86
01-12-2003,110.44
28-11-2003,99.39
27-11-2003,113.55
25-11-2003,95.58
24-11-2003,116.68
21-11-2003,112.86
20-11-2003,112.47
19-11-2003,110.7
18-11-2003,106.24
17-11-2003,89.95
15-11-2003,37.84
14-11-2003,109.49
13-11-2003,108.85
12-11-2003,107.39
11-11-2003,108.54
10-11-2003,62.35
07-11-2003,138.36
06-11-2003,174.02
05-11-2003,151.58
04-11-2003,205.24
03-11-2003,151.96
31-10-2003,154.48
30-10-2003,202.27
29-10-2003,134.07
28-10-2003,138.89
27-10-2003,135.06
25-10-2003,43.19
24-10-2003,150.86
23-10-2003,133.91
22-10-2003,152.76
21-10-2003,196.13
20-10-2003,167.97
17-10-2003,200.57
16-10-2003,162.78
15-10-2003,152.16
14-10-2003,182.18
13-10-2003,132.23
10-10-2003,152.85
09-10-2003,117.87
08-10-2003,147.78
07-10-2003,210.47
06-10-2003,145.93
03-10-2003,140.54
01-10-2003,118.75
30-09-2003,117.56
29-09-2003,139.66
26-09-2003,142.17
25-09-2003,196.92
24-09-2003,137.4
23-09-2003,118.68
22-09-2003,114.65
19-09-2003,152.26
18-09-2003,142.76
17-09-2003,165.35
16-09-2003,194.59
15-09-2003,144.3
12-09-2003,141.94
11-09-2003,154.18
10-09-2003,184.18
09-09-2003,132.14
08-09-2003,109.01
05-09-2003,139.88
04-09-2003,171.39
03-09-2003,169.29
02-09-2003,129.85
01-09-2003,120.49
29-08-2003,187.82
28-08-2003,147.16
27-08-2003,186.17
26-08-2003,203.04
25-08-2003,189.2
22-08-2003,174.01
21-08-2003,147.95
20-08-2003,179.4
19-08-2003,233.9
18-08-2003,214.89
14-08-2003,150.83
13-08-2003,127.52
12-08-2003,146.06
11-08-2003,154.66
08-08-2003,130.09
07-08-2003,112.32
06-08-2003,112.28
05-08-2003,108.25
04-08-2003,101.51
01-08-2003,86.33
31-07-2003,117.34
30-07-2003,82.32
29-07-2003,76.21
28-07-2003,82.8
25-07-2003,85.4
24-07-2003,92.46
23-07-2003,93.26
22-07-2003,80.61
21-07-2003,72.12
18-07-2003,77.57
17-07-2003,80.35
16-07-2003,67.84
15-07-2003,77.64
14-07-2003,69.73
11-07-2003,73.79
10-07-2003,74.52
09-07-2003,53.37
08-07-2003,68.37
07-07-2003,57.43
04-07-2003,57.67
03-07-2003,87.42
02-07-2003,73.75
01-07-2003,64.85
30-06-2003,67.93
27-06-2003,87.54
26-06-2003,92.15
25-06-2003,76.19
24-06-2003,61.82
23-06-2003,61.15
20-06-2003,70.94
19-06-2003,75.6
18-06-2003,82.7
17-06-2003,72.62
16-06-2003,56.08
13-06-2003,61.69
12-06-2003,58.63
11-06-2003,61.66
10-06-2003,76.48
09-06-2003,58.75
06-06-2003,74.62
05-06-2003,89.52
04-06-2003,63.19
03-06-2003,56.89
02-06-2003,67.87
30-05-2003,73.78
29-05-2003,91.56
28-05-2003,64.76
27-05-2003,58.43
26-05-2003,54.02
23-05-2003,64.22
22-05-2003,55.56
21-05-2003,57.37
20-05-2003,60.8
19-05-2003,61.26
16-05-2003,53.82
15-05-2003,49.13
14-05-2003,50.64
13-05-2003,55.13
12-05-2003,45.85
09-05-2003,51.2
08-05-2003,66.56
07-05-2003,69.37
06-05-2003,71.31
05-05-2003,65.76
02-05-2003,62.77
30-04-2003,63.8
29-04-2003,57.87
28-04-2003,62.37
25-04-2003,65.2
24-04-2003,107.33
23-04-2003,66.28
22-04-2003,65.12
21-04-2003,51.7
17-04-2003,47.28
16-04-2003,52.7
15-04-2003,59.85
11-04-2003,83.52
10-04-2003,73.2
09-04-2003,45.37
08-04-2003,49.37
07-04-2003,53.49
04-04-2003,55.42
03-04-2003,48.98
02-04-2003,49.61
01-04-2003,50.07
31-03-2003,41.58
28-03-2003,41.73
27-03-2003,50.31
26-03-2003,40.99
25-03-2003,46.53
24-03-2003,42.05
22-03-2003,19.84
21-03-2003,50.21
20-03-2003,62.4
19-03-2003,47.9
17-03-2003,43.46
13-03-2003,47.58
12-03-2003,44.97
11-03-2003,49.64
10-03-2003,41.94
07-03-2003,45.65
06-03-2003,41.25
05-03-2003,52.52
04-03-2003,37.23
03-03-2003,46.37
28-02-2003,82.25
27-02-2003,63.41
26-02-2003,57.56
25-02-2003,34.61
24-02-2003,45.25
21-02-2003,49.46
20-02-2003,51.01
19-02-2003,45.85
18-02-2003,48.39
17-02-2003,49.29
14-02-2003,43.9
12-02-2003,53.2
11-02-2003,47.49
10-02-2003,42.87
07-02-2003,55.93
06-02-2003,48.0
05-02-2003,53.8
04-02-2003,57.86
03-02-2003,47.03
31-01-2003,76.71
30-01-2003,79.53
29-01-2003,71.66
28-01-2003,69.97
27-01-2003,63.98
24-01-2003,61.55
23-01-2003,59.86
22-01-2003,48.87
21-01-2003,50.16
20-01-2003,44.28
17-01-2003,47.5
16-01-2003,45.42
15-01-2003,45.49
14-01-2003,44.51
13-01-2003,46.77
10-01-2003,54.05
09-01-2003,44.48
08-01-2003,51.03
07-01-2003,53.73
06-01-2003,47.35
03-01-2003,61.48
02-01-2003,63.89
01-01-2003,38.96
31-12-2002,46.47
30-12-2002,47.67
27-12-2002,61.41
26-12-2002,70.34
24-12-2002,46.07
23-12-2002,39.1
20-12-2002,48.15
19-12-2002,60.43
18-12-2002,58.44
17-12-2002,54.16
16-12-2002,66.32
13-12-2002,59.3
12-12-2002,64.37
11-12-2002,75.86
10-12-2002,74.26
09-12-2002,98.47
06-12-2002,86.99
05-12-2002,66.83
04-12-2002,63.8
03-12-2002,76.92
02-12-2002,74.96
29-11-2002,62.33
28-11-2002,75.69
27-11-2002,68.62
26-11-2002,78.13
25-11-2002,65.2
22-11-2002,82.8
21-11-2002,70.83
20-11-2002,79.54
18-11-2002,65.78
15-11-2002,71.31
14-11-2002,62.9
13-11-2002,50.76
12-11-2002,44.78
11-11-2002,43.59
08-11-2002,47.45
07-11-2002,61.35
05-11-2002,46.55
04-11-2002,20.4
01-11-2002,81.89
31-10-2002,101.28
30-10-2002,59.33
29-10-2002,63.15
28-10-2002,41.86
25-10-2002,50.21
24-10-2002,38.78
23-10-2002,50.46
22-10-2002,35.38
21-10-2002,32.91
18-10-2002,52.62
17-10-2002,56.77
16-10-2002,49.81
14-10-2002,40.66
11-10-2002,50.97
10-10-2002,47.8
09-10-2002,46.57
08-10-2002,54.86
07-10-2002,40.19
04-10-2002,44.51
03-10-2002,41.04
01-10-2002,43.09
30-09-2002,38.96
27-09-2002,48.53
26-09-2002,29.51
25-09-2002,44.11
24-09-2002,40.93
23-09-2002,39.8
20-09-2002,46.97
19-09-2002,40.46
18-09-2002,35.93
17-09-2002,35.81
16-09-2002,30.55
13-09-2002,31.25
12-09-2002,43.06
11-09-2002,44.18
09-09-2002,51.87
06-09-2002,45.01
05-09-2002,57.44
04-09-2002,53.16
03-09-2002,44.81
02-09-2002,56.39
30-08-2002,70.54
29-08-2002,75.08
28-08-2002,44.21
27-08-2002,54.47
26-08-2002,45.09
23-08-2002,39.91
22-08-2002,40.65
21-08-2002,55.11
20-08-2002,41.5
19-08-2002,29.7
16-08-2002,33.89
14-08-2002,40.79
13-08-2002,26.76
12-08-2002,38.88
09-08-2002,53.34
08-08-2002,42.63
07-08-2002,44.12
06-08-2002,40.64
05-08-2002,42.32
02-08-2002,42.4
01-08-2002,43.35
31-07-2002,58.53
30-07-2002,54.99
29-07-2002,55.21
26-07-2002,59.58
25-07-2002,77.65
24-07-2002,43.16
23-07-2002,48.05
22-07-2002,38.1
19-07-2002,38.25
18-07-2002,32.85
17-07-2002,36.54
16-07-2002,41.56
15-07-2002,30.06
12-07-2002,31.4
11-07-2002,36.45
10-07-2002,40.2
09-07-2002,39.64
08-07-2002,41.66
05-07-2002,31.66
04-07-2002,39.8
03-07-2002,39.63
02-07-2002,42.06
01-07-2002,31.62
28-06-2002,42.67
27-06-2002,50.09
26-06-2002,38.08
25-06-2002,48.99
24-06-2002,29.0
21-06-2002,36.4
20-06-2002,44.43
19-06-2002,46.37
18-06-2002,38.29
17-06-2002,35.01
14-06-2002,45.12
13-06-2002,36.92
12-06-2002,45.73
11-06-2002,57.8
10-06-2002,36.19
07-06-2002,34.43
06-06-2002,49.92
05-06-2002,48.38
04-06-2002,31.09
03-06-2002,35.08
31-05-2002,48.91
30-05-2002,56.75
29-05-2002,59.43
28-05-2002,47.3
27-05-2002,45.84
24-05-2002,51.0
23-05-2002,40.36
22-05-2002,50.69
21-05-2002,69.84
20-05-2002,43.65
17-05-2002,55.62
16-05-2002,48.84
15-05-2002,43.83
14-05-2002,45.79
13-05-2002,35.78
10-05-2002,39.47
09-05-2002,41.85
08-05-2002,38.16
07-05-2002,34.36
06-05-2002,33.07
03-05-2002,34.2
02-05-2002,44.41
30-04-2002,35.8
29-04-2002,41.59
26-04-2002,30.87
25-04-2002,44.99
24-04-2002,40.7
23-04-2002,39.72
22-04-2002,38.34
19-04-2002,42.13
18-04-2002,34.22
17-04-2002,34.38
16-04-2002,32.53
15-04-2002,32.84
12-04-2002,38.87
11-04-2002,48.51
10-04-2002,48.37
09-04-2002,37.26
08-04-2002,31.26
05-04-2002,40.19
04-04-2002,49.47
03-04-2002,39.86
02-04-2002,50.73
01-04-2002,41.46
28-03-2002,55.36
27-03-2002,41.55
26-03-2002,32.69
22-03-2002,36.79
21-03-2002,32.47
20-03-2002,41.28
19-03-2002,40.01
18-03-2002,44.6
15-03-2002,61.76
14-03-2002,31.82
13-03-2002,41.96
12-03-2002,50.38
11-03-2002,50.59
08-03-2002,50.28
07-03-2002,50.21
06-03-2002,61.49
05-03-2002,63.43
04-03-2002,74.3
01-03-2002,68.82
28-02-2002,104.26
27-02-2002,76.05
26-02-2002,67.0
25-02-2002,51.75
22-02-2002,53.39
21-02-2002,34.46
20-02-2002,49.63
19-02-2002,59.28
18-02-2002,59.7
15-02-2002,67.68
14-02-2002,60.6
13-02-2002,55.75
12-02-2002,59.33
11-02-2002,61.16
08-02-2002,73.01
07-02-2002,93.83
06-02-2002,73.87
05-02-2002,68.53
04-02-2002,57.89
01-02-2002,58.4
31-01-2002,66.03
30-01-2002,50.69
29-01-2002,58.95
28-01-2002,49.77
25-01-2002,59.84
24-01-2002,47.72
23-01-2002,53.73
22-01-2002,55.75
21-01-2002,64.35
18-01-2002,84.63
17-01-2002,83.52
16-01-2002,59.75
15-01-2002,55.22
14-01-2002,60.43
11-01-2002,71.15
10-01-2002,68.97
09-01-2002,74.87
08-01-2002,67.83
07-01-2002,61.39
04-01-2002,74.41
03-01-2002,61.87
02-01-2002,49.61
01-01-2002,43.95
31-12-2001,53.15
28-12-2001,56.36
27-12-2001,60.27
26-12-2001,42.61
24-12-2001,41.9
21-12-2001,47.17
20-12-2001,55.79
19-12-2001,49.99
18-12-2001,47.04
14-12-2001,41.87
13-12-2001,66.16
12-12-2001,54.12
11-12-2001,69.18
10-12-2001,54.63
07-12-2001,59.28
06-12-2001,77.04
05-12-2001,67.35
04-12-2001,58.42
03-12-2001,53.29
29-11-2001,60.88
28-11-2001,58.93
27-11-2001,67.61
26-11-2001,52.43
23-11-2001,54.53
22-11-2001,60.06
21-11-2001,57.52
20-11-2001,72.22
19-11-2001,73.04
15-11-2001,50.5
14-11-2001,13.83
13-11-2001,43.47
12-11-2001,46.43
09-11-2001,62.74
08-11-2001,51.43
07-11-2001,44.84
06-11-2001,50.53
05-11-2001,44.01
02-11-2001,57.61
01-11-2001,53.18
31-10-2001,48.4
30-10-2001,46.82
29-10-2001,37.91
25-10-2001,60.24
24-10-2001,59.4
23-10-2001,51.83
22-10-2001,44.25
19-10-2001,38.88
18-10-2001,42.71
17-10-2001,53.22
16-10-2001,47.17
15-10-2001,43.54
12-10-2001,55.2
11-10-2001,49.85
10-10-2001,53.38
09-10-2001,36.54
08-10-2001,36.38
05-10-2001,38.68
04-10-2001,47.79
03-10-2001,40.48
01-10-2001,49.6
28-09-2001,63.99
27-09-2001,51.71
26-09-2001,52.83
25-09-2001,54.35
24-09-2001,48.76
21-09-2001,47.9
20-09-2001,55.78
19-09-2001,52.49
18-09-2001,71.87
17-09-2001,46.03
14-09-2001,49.97
13-09-2001,41.79
12-09-2001,34.98
11-09-2001,36.49
10-09-2001,36.06
07-09-2001,49.22
06-09-2001,47.39
05-09-2001,35.51
04-09-2001,39.74
03-09-2001,29.93
31-08-2001,34.37
30-08-2001,38.78
29-08-2001,28.19
28-08-2001,31.75
27-08-2001,35.8
24-08-2001,42.2
23-08-2001,29.66
21-08-2001,34.64
20-08-2001,30.73
17-08-2001,51.09
16-08-2001,48.32
14-08-2001,42.86
13-08-2001,21.61
10-08-2001,25.91
09-08-2001,26.83
08-08-2001,28.8
07-08-2001,26.87
06-08-2001,37.04
03-08-2001,43.83
02-08-2001,43.3
01-08-2001,53.43
31-07-2001,34.61
30-07-2001,26.46
27-07-2001,28.24
26-07-2001,32.44
25-07-2001,27.92
24-07-2001,22.14
23-07-2001,1.4
20-07-2001,28.97
19-07-2001,29.24
18-07-2001,26.61
17-07-2001,23.69
16-07-2001,28.11
13-07-2001,39.26
12-07-2001,37.17
11-07-2001,24.69
10-07-2001,21.88
09-07-2001,18.02
06-07-2001,23.38
05-07-2001,27.27
04-07-2001,26.71
03-07-2001,30.62
02-07-2001,18.08
29-06-2001,39.5
28-06-2001,31.05
27-06-2001,46.77
26-06-2001,50.43
25-06-2001,39.75
22-06-2001,37.68
21-06-2001,37.93
20-06-2001,31.01
19-06-2001,37.83
18-06-2001,42.08
15-06-2001,45.84
14-06-2001,40.35
13-06-2001,32.96
12-06-2001,39.27
11-06-2001,35.44
08-06-2001,47.21
07-06-2001,43.85
06-06-2001,34.92
05-06-2001,44.9
04-06-2001,39.21
01-06-2001,45.59
31-05-2001,51.33
30-05-2001,53.46
29-05-2001,44.86
28-05-2001,45.58
25-05-2001,44.05
24-05-2001,49.24
23-05-2001,40.54
22-05-2001,37.28
21-05-2001,43.13
18-05-2001,53.43
17-05-2001,62.57
16-05-2001,48.49
15-05-2001,45.14
14-05-2001,32.68
11-05-2001,42.03
10-05-2001,37.69
09-05-2001,55.61
08-05-2001,43.3
07-05-2001,35.26
04-05-2001,42.01
03-05-2001,35.7
02-05-2001,43.26
30-04-2001,42.75
27-04-2001,56.5
26-04-2001,55.93
25-04-2001,52.93
24-04-2001,42.01
23-04-2001,48.55
20-04-2001,49.36
19-04-2001,70.68
18-04-2001,55.98
17-04-2001,50.8
16-04-2001,44.79
12-04-2001,47.08
11-04-2001,39.18
10-04-2001,35.2
09-04-2001,28.4
06-04-2001,36.17
04-04-2001,27.09
03-04-2001,29.8
02-04-2001,40.16
30-03-2001,33.96
29-03-2001,31.58
28-03-2001,31.74
27-03-2001,34.35
26-03-2001,22.76
23-03-2001,35.58
22-03-2001,33.69
21-03-2001,30.17
20-03-2001,29.32
19-03-2001,29.2
16-03-2001,51.15
15-03-2001,47.04
14-03-2001,42.82
13-03-2001,69.14
12-03-2001,54.09
09-03-2001,60.12
08-03-2001,60.22
07-03-2001,104.38
05-03-2001,121.54
02-03-2001,124.76
01-03-2001,136.4
28-02-2001,150.44
27-02-2001,106.03
26-02-2001,86.95
23-02-2001,109.21
22-02-2001,100.05
21-02-2001,101.08
20-02-2001,100.05
19-02-2001,78.67
16-02-2001,113.02
15-02-2001,104.61
14-02-2001,82.94
13-02-2001,101.74
12-02-2001,93.54
09-02-2001,145.05
08-02-2001,112.78
07-02-2001,113.03
06-02-2001,87.86
05-02-2001,99.31
02-02-2001,116.26
01-02-2001,111.15
31-01-2001,100.05
30-01-2001,96.52
29-01-2001,87.2
25-01-2001,108.88
24-01-2001,114.57
23-01-2001,98.01
22-01-2001,99.48
19-01-2001,107.08
18-01-2001,80.94
17-01-2001,72.32
16-01-2001,78.83
15-01-2001,73.89
12-01-2001,82.04
11-01-2001,83.1
10-01-2001,81.32
09-01-2001,90.81
08-01-2001,96.1
05-01-2001,98.83
04-01-2001,106.44
03-01-2001,99.08
02-01-2001,72.27
01-01-2001,60.53
29-12-2000,68.27
28-12-2000,61.9
27-12-2000,59.26
26-12-2000,71.78
22-12-2000,89.71
21-12-2000,81.45
20-12-2000,64.92
19-12-2000,79.68
18-12-2000,71.85
15-12-2000,106.56
14-12-2000,107.92
13-12-2000,81.3
12-12-2000,78.4
11-12-2000,77.52
08-12-2000,92.77
07-12-2000,86.89
06-12-2000,82.72
05-12-2000,66.9
04-12-2000,68.39
01-12-2000,93.88
30-11-2000,75.25
29-11-2000,83.44
28-11-2000,81.85
27-11-2000,67.01
24-11-2000,69.64
23-11-2000,60.19
22-11-2000,56.32
21-11-2000,54.13
20-11-2000,53.53
17-11-2000,56.34
16-11-2000,62.68
15-11-2000,71.82
14-11-2000,71.33
13-11-2000,56.91
10-11-2000,62.55
09-11-2000,61.83
08-11-2000,75.24
07-11-2000,52.95
06-11-2000,71.32
03-11-2000,76.27
02-11-2000,67.71
01-11-2000,57.07
31-10-2000,46.35
30-10-2000,38.38
27-10-2000,42.73
26-10-2000,14.45
25-10-2000,61.46
24-10-2000,48.2
23-10-2000,48.68
20-10-2000,67.68
19-10-2000,67.02
18-10-2000,46.52
17-10-2000,60.52
16-10-2000,55.53
13-10-2000,55.25
12-10-2000,58.85
11-10-2000,50.47
10-10-2000,48.9
09-10-2000,35.06
06-10-2000,51.77
05-10-2000,46.47
04-10-2000,42.23
03-10-2000,53.47
29-09-2000,49.22
28-09-2000,60.96
27-09-2000,49.8
26-09-2000,46.21
25-09-2000,42.39
22-09-2000,53.88
21-09-2000,37.26
20-09-2000,42.01
19-09-2000,61.4
18-09-2000,44.61
15-09-2000,48.42
14-09-2000,48.94
13-09-2000,40.9
12-09-2000,44.77
11-09-2000,48.9
08-09-2000,48.95
07-09-2000,50.58
06-09-2000,55.57
05-09-2000,46.66
04-09-2000,59.12
31-08-2000,41.75
30-08-2000,43.64
29-08-2000,38.51
28-08-2000,37.28
25-08-2000,50.26
24-08-2000,44.51
23-08-2000,61.61
22-08-2000,52.2
21-08-2000,49.04
18-08-2000,48.69
17-08-2000,53.41
16-08-2000,40.98
14-08-2000,43.86
11-08-2000,36.41
10-08-2000,44.33
09-08-2000,44.99
08-08-2000,38.05
07-08-2000,33.74
04-08-2000,38.82
03-08-2000,37.08
02-08-2000,30.38
01-08-2000,32.54
31-07-2000,28.94
28-07-2000,44.54
27-07-2000,41.44
26-07-2000,35.75
25-07-2000,52.15
24-07-2000,41.61
21-07-2000,47.9
20-07-2000,44.96
19-07-2000,38.46
18-07-2000,39.63
17-07-2000,39.54
14-07-2000,50.97
13-07-2000,47.99
12-07-2000,41.65
11-07-2000,47.33
10-07-2000,40.34
07-07-2000,40.34
06-07-2000,42.0
05-07-2000,51.28
04-07-2000,37.92
03-07-2000,39.58
30-06-2000,39.16
29-06-2000,41.36
28-06-2000,25.72
27-06-2000,41.44
26-06-2000,28.89
23-06-2000,62.81
22-06-2000,42.45
21-06-2000,30.55
20-06-2000,32.05
19-06-2000,37.01
16-06-2000,39.63
15-06-2000,30.33
14-06-2000,37.37
13-06-2000,37.25
12-06-2000,28.47
09-06-2000,55.39
08-06-2000,39.57
07-06-2000,32.12
06-06-2000,28.12
05-06-2000,46.68
02-06-2000,40.14
01-06-2000,29.62
31-05-2000,46.44
30-05-2000,35.58
29-05-2000,47.53
26-05-2000,33.05
25-05-2000,35.46
24-05-2000,30.85
23-05-2000,21.79
22-05-2000,18.68
19-05-2000,27.4
18-05-2000,23.24
17-05-2000,25.38
16-05-2000,17.41
15-05-2000,21.76
12-05-2000,23.38
11-05-2000,23.83
10-05-2000,22.18
09-05-2000,24.9
08-05-2000,23.97
05-05-2000,35.56
04-05-2000,29.96
03-05-2000,34.71
02-05-2000,39.38
28-04-2000,27.46
27-04-2000,51.77
26-04-2000,45.03
25-04-2000,40.51
24-04-2000,34.27
20-04-2000,43.87
19-04-2000,38.87
18-04-2000,30.06
17-04-2000,47.79
13-04-2000,20.99
12-04-2000,35.32
11-04-2000,34.97
10-04-2000,67.96
07-04-2000,49.47
06-04-2000,40.87
05-04-2000,49.4
04-04-2000,42.18
03-04-2000,50.91
31-03-2000,49.68
30-03-2000,38.87
29-03-2000,32.29
28-03-2000,28.17
27-03-2000,19.05
24-03-2000,15.41
23-03-2000,21.31
22-03-2000,26.94
21-03-2000,30.77
16-03-2000,33.98
15-03-2000,28.9
14-03-2000,37.97
13-03-2000,32.03
10-03-2000,23.71
09-03-2000,27.74
08-03-2000,30.25
07-03-2000,36.86
06-03-2000,32.43
03-03-2000,29.5
02-03-2000,42.28
01-03-2000,37.59
29-02-2000,49.5
28-02-2000,27.27
25-02-2000,19.46
24-02-2000,23.49
23-02-2000,27.91
22-02-2000,33.43
21-02-2000,26.02
18-02-2000,24.49
17-02-2000,28.33
16-02-2000,31.31
15-02-2000,39.14
14-02-2000,31.62
11-02-2000,33.41
10-02-2000,30.11
09-02-2000,41.77
08-02-2000,40.72
07-02-2000,34.67
04-02-2000,30.46
03-02-2000,40.83
02-02-2000,39.36
01-02-2000,37.16
31-01-2000,36.15
28-01-2000,46.56
27-01-2000,38.1
25-01-2000,36.88
24-01-2000,34.73
21-01-2000,39.72
20-01-2000,42.63
19-01-2000,42.98
18-01-2000,37.56
17-01-2000,42.68
14-01-2000,43.29
13-01-2000,44.74
12-01-2000,38.37
11-01-2000,49.12
10-01-2000,45.01
07-01-2000,54.32
06-01-2000,51.27
05-01-2000,62.15
04-01-2000,38.79
03-01-2000,25.36
